user_id,item_id,rating,timestamp,user_age,user_gender,item_category,item_price
52,34,1.314313988620083,2024-03-17 10:45:20.375852000,29,M,B,65.85944318421257
93,47,2.5876931048063843,2024-03-17 19:31:27.943419567,19,M,C,81.14588148473965
15,8,1.5308630161722414,2024-03-18 04:17:35.510987135,37,F,A,58.72668466128267
72,40,3.2701633930462326,2024-03-18 13:03:43.078554702,35,M,B,30.497476249288862
61,49,3.757859876549063,2024-03-18 21:49:50.646122270,42,F,B,81.47895962944649
21,44,4.2023467964363315,2024-03-19 06:35:58.213689837,59,F,A,58.004796588882634
83,19,1.8006009769792404,2024-03-19 15:22:05.781257405,45,M,A,40.8203180951242
87,42,1.669930329036279,2024-03-20 00:08:13.348824972,50,M,B,91.85091498435177
75,41,1.418271361337601,2024-03-20 08:54:20.916392540,21,F,A,96.76259624489623
75,37,3.545720998174547,2024-03-20 17:40:28.483960108,21,F,C,13.551357960180939
88,6,3.8259029059476046,2024-03-21 02:26:36.051527675,29,M,B,44.69607142632301
100,26,1.1263445793025681,2024-03-21 11:12:43.619095243,30,F,C,49.963937428198264
24,34,4.744848984974759,2024-03-21 19:58:51.186662810,26,M,B,65.85944318421257
3,45,1.2078851346058896,2024-03-22 04:44:58.754230378,52,F,B,88.29722436829165
22,6,3.165185341204282,2024-03-22 13:31:06.321797945,60,F,B,44.69607142632301
53,37,3.8362420778036657,2024-03-22 22:17:13.889365513,65,M,C,13.551357960180939
2,33,4.483876494984342,2024-03-23 07:03:21.456933081,31,F,B,61.24396250640545
88,22,3.856347728529711,2024-03-23 15:49:29.024500648,29,M,C,60.19379436250395
30,21,4.206912332279167,2024-03-24 00:35:36.592068216,41,M,C,96.97756472797666
38,6,2.3578007701712242,2024-03-24 09:21:44.159635783,63,M,B,44.69607142632301
2,6,4.2593004549860485,2024-03-24 18:07:51.727203351,31,F,B,44.69607142632301
64,48,1.3204593855387006,2024-03-25 02:53:59.294770918,40,M,C,21.23387325701635
60,4,4.579266624242111,2024-03-25 11:40:06.862338486,25,F,C,96.50219368668337
21,30,3.190369504614945,2024-03-25 20:26:14.429906054,59,F,C,99.44635500097283
33,11,4.269191079849975,2024-03-26 05:12:21.997473621,56,F,A,58.75343311690036
76,30,2.8092731380732006,2024-03-26 13:58:29.565041189,47,M,C,99.44635500097283
58,31,3.5743107807861,2024-03-26 22:44:37.132608756,45,F,B,89.22832859340343
22,24,3.105610643744453,2024-03-27 07:30:44.700176324,60,F,A,62.24208408943264
89,9,3.9263580870213275,2024-03-27 16:16:52.267743891,68,F,A,23.873053886063836
49,3,1.3265199281223583,2024-03-28 01:02:59.835311459,25,F,C,35.956489403687115
91,31,1.2414083359622552,2024-03-28 09:49:07.402879027,58,F,B,89.22832859340343
59,40,1.9884129360405858,2024-03-28 18:35:14.970446594,22,F,B,30.497476249288862
42,37,1.6381787204527534,2024-03-29 03:21:22.538014162,63,F,C,13.551357960180939
92,36,4.487134266368807,2024-03-29 12:07:30.105581729,56,M,A,45.56239689378867
60,24,1.8768559494321773,2024-03-29 20:53:37.673149297,25,F,A,62.24208408943264
80,31,4.903461023276526,2024-03-30 05:39:45.240716864,54,F,B,89.22832859340343
15,6,2.3475831670844274,2024-03-30 14:25:52.808284432,37,F,B,44.69607142632301
62,2,1.7284716627547971,2024-03-30 23:12:00.375852000,44,F,C,98.56118468894178
62,20,4.1587940285699165,2024-03-31 07:58:07.943419567,44,F,B,34.322292291770495
47,28,3.6348311020035045,2024-03-31 16:44:15.510987135,36,F,B,54.000804861320624
62,11,2.992782865812556,2024-04-01 01:30:23.078554702,44,F,A,58.75343311690036
51,4,3.221454203750525,2024-04-01 10:16:30.646122270,62,M,C,96.50219368668337
55,15,3.8768071130890553,2024-04-01 19:02:38.213689837,62,M,C,37.20999244163444
64,6,1.913818965325195,2024-04-02 03:48:45.781257405,40,M,B,44.69607142632301
3,49,4.985335664226968,2024-04-02 12:34:53.348824973,52,F,B,81.47895962944649
51,30,4.8991726485871325,2024-04-02 21:21:00.916392540,62,M,C,99.44635500097283
7,38,3.6013027453877475,2024-04-03 06:07:08.483960108,66,M,A,52.7991433738144
21,2,1.7981698037165805,2024-04-03 14:53:16.051527675,59,F,C,98.56118468894178
73,15,3.7209129697251653,2024-04-03 23:39:23.619095243,35,F,C,37.20999244163444
39,11,1.2887936359167034,2024-04-04 08:25:31.186662810,36,M,A,58.75343311690036
18,8,1.1226100088232243,2024-04-04 17:11:38.754230378,56,M,A,58.72668466128267
4,26,2.0307315540448547,2024-04-05 01:57:46.321797946,65,M,C,49.963937428198264
89,45,2.850491826957265,2024-04-05 10:43:53.889365513,68,F,B,88.29722436829165
60,44,4.4730900216335225,2024-04-05 19:30:01.456933081,25,F,A,58.004796588882634
14,5,3.908676279065232,2024-04-06 04:16:09.024500648,60,M,C,45.05337054121783
9,6,3.970826084799924,2024-04-06 13:02:16.592068216,55,F,B,44.69607142632301
90,26,2.7019733377923014,2024-04-06 21:48:24.159635783,32,M,C,49.963937428198264
53,4,2.3837399701878517,2024-04-07 06:34:31.727203351,65,M,C,96.50219368668337
2,19,2.484155051938411,2024-04-07 15:20:39.294770918,31,F,A,40.8203180951242
84,20,4.950598254944231,2024-04-08 00:06:46.862338486,57,F,B,34.322292291770495
92,33,1.16043676564993,2024-04-08 08:52:54.429906054,56,M,B,61.24396250640545
60,20,4.468125984489794,2024-04-08 17:39:01.997473621,25,F,B,34.322292291770495
71,49,3.3147016342895737,2024-04-09 02:25:09.565041189,37,F,B,81.47895962944649
44,12,2.754461676758362,2024-04-09 11:11:17.132608756,18,F,B,78.5711631344383
8,47,3.901030641660546,2024-04-09 19:57:24.700176324,30,M,C,81.14588148473965
47,1,2.9466757656988114,2024-04-10 04:43:32.267743891,36,F,C,84.40366237673388
35,26,4.493692952326642,2024-04-10 13:29:39.835311459,56,M,C,49.963937428198264
78,14,4.602807456045034,2024-04-10 22:15:47.402879027,53,F,A,49.639721528118166
81,38,2.6868837074938217,2024-04-11 07:01:54.970446594,36,M,A,52.7991433738144
36,37,2.1073111889402063,2024-04-11 15:48:02.538014162,30,F,C,13.551357960180939
50,11,3.369401314373449,2024-04-12 00:34:10.105581729,25,F,A,58.75343311690036
4,36,4.649453382466763,2024-04-12 09:20:17.673149297,65,M,A,45.56239689378867
2,13,1.8426487560226663,2024-04-12 18:06:25.240716865,31,F,B,85.0284965743827
6,43,3.491866334253931,2024-04-13 02:52:32.808284432,37,M,A,74.99289119103153
54,3,3.526240880370082,2024-04-13 11:38:40.375852000,50,M,C,35.956489403687115
4,33,3.932452089661124,2024-04-13 20:24:47.943419567,65,M,B,61.24396250640545
54,6,1.5262707405090392,2024-04-14 05:10:55.510987135,50,M,B,44.69607142632301
93,50,3.8632998587283542,2024-04-14 13:57:03.078554702,19,M,B,34.819081142622125
63,10,4.636130082662564,2024-04-14 22:43:10.646122270,63,M,B,59.834033682221005
18,5,1.7187324354809679,2024-04-15 07:29:18.213689837,56,M,C,45.05337054121783
90,23,1.9501732996955106,2024-04-15 16:15:25.781257405,32,M,C,41.25493351274568
44,10,4.885580376166558,2024-04-16 01:01:33.348824973,18,F,B,59.834033682221005
34,44,1.723907810837959,2024-04-16 09:47:40.916392540,58,M,A,58.004796588882634
74,2,4.4175403734783165,2024-04-16 18:33:48.483960108,19,F,C,98.56118468894178
62,13,2.969111425792139,2024-04-17 03:19:56.051527675,44,F,B,85.0284965743827
100,40,1.9889242976127082,2024-04-17 12:06:03.619095243,30,F,B,30.497476249288862
14,2,4.482999605090045,2024-04-17 20:52:11.186662810,60,M,C,98.56118468894178
95,20,2.781221020010662,2024-04-18 05:38:18.754230378,58,F,B,34.322292291770495
48,1,3.0592694157187608,2024-04-18 14:24:26.321797946,29,M,C,84.40366237673388
15,37,2.4369334775990628,2024-04-18 23:10:33.889365513,37,F,C,13.551357960180939
72,9,3.3718034057397097,2024-04-19 07:56:41.456933081,35,M,A,23.873053886063836
78,17,1.654095490340091,2024-04-19 16:42:49.024500648,53,F,A,27.516145303438474
87,9,2.564326146607043,2024-04-20 01:28:56.592068216,50,M,A,23.873053886063836
62,11,4.87764928934115,2024-04-20 10:15:04.159635783,44,F,A,58.75343311690036
40,15,2.03253373080451,2024-04-20 19:01:11.727203351,28,M,C,37.20999244163444
85,24,3.626946658165169,2024-04-21 03:47:19.294770919,37,F,A,62.24208408943264
80,38,2.3007602568987795,2024-04-21 12:33:26.862338486,54,F,A,52.7991433738144
82,35,4.093892502746403,2024-04-21 21:19:34.429906054,64,F,C,28.118089704018992
53,30,1.5234946428733993,2024-04-22 06:05:41.997473621,65,M,C,99.44635500097283
24,31,4.879284180314179,2024-04-22 14:51:49.565041189,26,M,B,89.22832859340343
26,49,2.815158165534557,2024-04-22 23:37:57.132608756,54,F,B,81.47895962944649
89,5,1.9442018533858558,2024-04-23 08:24:04.700176324,68,F,C,45.05337054121783
60,44,1.2939869893200506,2024-04-23 17:10:12.267743892,25,F,A,58.004796588882634
41,50,1.679031620350163,2024-04-24 01:56:19.835311459,30,M,B,34.819081142622125
29,14,3.0790957942240706,2024-04-24 10:42:27.402879027,34,M,A,49.639721528118166
15,11,2.348012705725145,2024-04-24 19:28:34.970446594,37,F,A,58.75343311690036
45,9,4.315533463530437,2024-04-25 04:14:42.538014162,57,F,A,23.873053886063836
65,34,2.7235500946472238,2024-04-25 13:00:50.105581729,47,F,B,65.85944318421257
89,12,1.9948570903505196,2024-04-25 21:46:57.673149297,68,F,B,78.5711631344383
71,35,3.46857994641612,2024-04-26 06:33:05.240716864,37,F,C,28.118089704018992
9,35,3.8271088675417833,2024-04-26 15:19:12.808284432,55,F,C,28.118089704018992
88,1,1.6681676316037994,2024-04-27 00:05:20.375852000,29,M,C,84.40366237673388
1,40,1.6704768651532707,2024-04-27 08:51:27.943419567,57,F,B,30.497476249288862
8,22,1.1466857077341719,2024-04-27 17:37:35.510987135,30,M,C,60.19379436250395
88,29,3.945608060262562,2024-04-28 02:23:43.078554702,29,M,C,46.160092058889184
63,8,3.6552181104872203,2024-04-28 11:09:50.646122270,63,M,A,58.72668466128267
11,11,2.8985235029992555,2024-04-28 19:55:58.213689837,63,F,A,58.75343311690036
81,41,4.376681795876788,2024-04-29 04:42:05.781257405,36,M,A,96.76259624489623
8,37,4.222680611800213,2024-04-29 13:28:13.348824973,30,M,C,13.551357960180939
35,14,3.3414174575870086,2024-04-29 22:14:20.916392540,56,M,A,49.639721528118166
35,30,4.4730851220530345,2024-04-30 07:00:28.483960108,56,M,C,99.44635500097283
33,35,1.823364840147073,2024-04-30 15:46:36.051527675,56,F,C,28.118089704018992
5,21,1.4476784775909115,2024-05-01 00:32:43.619095243,62,F,C,96.97756472797666
41,37,2.0789984460679585,2024-05-01 09:18:51.186662810,30,M,C,13.551357960180939
28,5,1.2283474243572594,2024-05-01 18:04:58.754230378,58,M,C,45.05337054121783
7,19,3.124678112004128,2024-05-02 02:51:06.321797946,66,M,A,40.8203180951242
73,14,4.746422769179846,2024-05-02 11:37:13.889365513,35,F,A,49.639721528118166
72,26,1.1573741626740386,2024-05-02 20:23:21.456933081,35,M,C,49.963937428198264
12,4,1.4884396560401072,2024-05-03 05:09:29.024500648,66,F,C,96.50219368668337
34,25,2.808796113133741,2024-05-03 13:55:36.592068216,58,M,B,22.527703121112594
33,45,4.73550007011162,2024-05-03 22:41:44.159635783,56,F,B,88.29722436829165
48,42,2.264624419907002,2024-05-04 07:27:51.727203351,29,M,B,91.85091498435177
23,25,3.0289392347535697,2024-05-04 16:13:59.294770919,58,M,B,22.527703121112594
62,18,1.1662914362015684,2024-05-05 01:00:06.862338486,44,F,B,15.18828239791224
88,40,1.5933728038483554,2024-05-05 09:46:14.429906054,29,M,B,30.497476249288862
37,8,4.946520491835388,2024-05-05 18:32:21.997473621,28,M,A,58.72668466128267
99,39,4.860474785744183,2024-05-06 03:18:29.565041189,28,F,B,58.87221255618969
44,40,1.0197599237376385,2024-05-06 12:04:37.132608756,18,F,B,30.497476249288862
86,14,4.807247141692956,2024-05-06 20:50:44.700176324,66,F,A,49.639721528118166
91,32,3.5564797512620014,2024-05-07 05:36:52.267743891,58,F,C,66.10653623434962
35,38,4.4716731780800885,2024-05-07 14:22:59.835311459,56,M,A,52.7991433738144
65,33,2.8189594225354364,2024-05-07 23:09:07.402879027,47,F,B,61.24396250640545
99,23,3.062384114317001,2024-05-08 07:55:14.970446594,28,F,C,41.25493351274568
47,15,2.9553863210276807,2024-05-08 16:41:22.538014162,36,F,C,37.20999244163444
78,33,3.6674570301844174,2024-05-09 01:27:30.105581730,53,F,B,61.24396250640545
3,25,1.5586050190252516,2024-05-09 10:13:37.673149297,52,F,B,22.527703121112594
1,17,1.1198943594907118,2024-05-09 18:59:45.240716865,57,F,A,27.516145303438474
5,33,2.2317197663647637,2024-05-10 03:45:52.808284432,62,F,B,61.24396250640545
90,47,3.818723050946587,2024-05-10 12:32:00.375852000,32,M,C,81.14588148473965
14,2,1.8074138084917934,2024-05-10 21:18:07.943419567,60,M,C,98.56118468894178
27,14,3.6937297332996692,2024-05-11 06:04:15.510987135,66,M,A,49.639721528118166
9,40,4.879648184429081,2024-05-11 14:50:23.078554703,55,F,B,30.497476249288862
79,40,1.3756028631576735,2024-05-11 23:36:30.646122270,35,F,B,30.497476249288862
15,39,3.690408472900505,2024-05-12 08:22:38.213689838,37,F,B,58.87221255618969
90,6,2.7750008772182846,2024-05-12 17:08:45.781257405,32,M,B,44.69607142632301
42,6,4.472569017510022,2024-05-13 01:54:53.348824973,63,F,B,44.69607142632301
77,3,1.7085991577895436,2024-05-13 10:41:00.916392540,50,M,C,35.956489403687115
51,7,3.770503808904658,2024-05-13 19:27:08.483960108,62,M,C,40.63483938290551
63,8,4.35246115859244,2024-05-14 04:13:16.051527675,63,M,A,58.72668466128267
96,42,4.778456877896093,2024-05-14 12:59:23.619095243,27,M,B,91.85091498435177
52,15,3.7329921131585833,2024-05-14 21:45:31.186662811,29,M,C,37.20999244163444
96,47,2.9886990560337092,2024-05-15 06:31:38.754230378,27,M,C,81.14588148473965
4,29,3.4713889608048554,2024-05-15 15:17:46.321797946,65,M,C,46.160092058889184
94,33,4.475619937914873,2024-05-16 00:03:53.889365513,46,M,B,61.24396250640545
23,30,3.2824389865553187,2024-05-16 08:50:01.456933081,58,M,C,99.44635500097283
15,39,1.1215482387873474,2024-05-16 17:36:09.024500648,37,F,B,58.87221255618969
43,27,4.723794782027911,2024-05-17 02:22:16.592068216,62,M,B,66.36108892789574
29,36,3.7581070041262445,2024-05-17 11:08:24.159635784,34,M,A,45.56239689378867
36,29,3.706053543108986,2024-05-17 19:54:31.727203351,30,F,C,46.160092058889184
13,38,1.8627006095908687,2024-05-18 04:40:39.294770919,25,M,A,52.7991433738144
32,33,3.635541880930629,2024-05-18 13:26:46.862338486,68,M,B,61.24396250640545
71,37,2.575457622616634,2024-05-18 22:12:54.429906054,37,F,C,13.551357960180939
59,27,3.6049319081659683,2024-05-19 06:59:01.997473621,22,F,B,66.36108892789574
86,33,1.4263721212319629,2024-05-19 15:45:09.565041189,66,F,B,61.24396250640545
28,4,3.631381218412144,2024-05-20 00:31:17.132608757,58,M,C,96.50219368668337
66,22,4.997654903082666,2024-05-20 09:17:24.700176324,62,F,C,60.19379436250395
42,2,1.1928481554422241,2024-05-20 18:03:32.267743892,63,F,C,98.56118468894178
45,10,4.908696736885269,2024-05-21 02:49:39.835311459,57,F,B,59.834033682221005
62,5,2.6276318428914824,2024-05-21 11:35:47.402879027,44,F,C,45.05337054121783
57,10,4.483013801349037,2024-05-21 20:21:54.970446594,56,F,B,59.834033682221005
6,33,4.129541936233094,2024-05-22 05:08:02.538014162,37,M,B,61.24396250640545
28,38,3.268065043946671,2024-05-22 13:54:10.105581730,58,M,A,52.7991433738144
28,13,3.953796837005306,2024-05-22 22:40:17.673149297,58,M,B,85.0284965743827
44,31,4.514062245205391,2024-05-23 07:26:25.240716865,18,F,B,89.22832859340343
84,47,2.616561286604132,2024-05-23 16:12:32.808284432,57,F,C,81.14588148473965
30,36,2.308132646252955,2024-05-24 00:58:40.375852000,41,M,A,45.56239689378867
62,45,3.670373542254339,2024-05-24 09:44:47.943419567,44,F,B,88.29722436829165
75,24,4.231383767765035,2024-05-24 18:30:55.510987135,21,F,A,62.24208408943264
92,15,4.049140539106463,2024-05-25 03:17:03.078554702,56,M,C,37.20999244163444
89,29,4.191254595434538,2024-05-25 12:03:10.646122270,68,F,C,46.160092058889184
62,8,2.742333259251732,2024-05-25 20:49:18.213689838,44,F,A,58.72668466128267
97,5,4.2713368647000864,2024-05-26 05:35:25.781257405,19,M,C,45.05337054121783
1,29,1.4808362214824338,2024-05-26 14:21:33.348824973,57,F,C,46.160092058889184
27,47,3.177956391843398,2024-05-26 23:07:40.916392540,66,M,C,81.14588148473965
62,4,1.0230346419924863,2024-05-27 07:53:48.483960108,44,F,C,96.50219368668337
77,12,2.298343319601081,2024-05-27 16:39:56.051527675,50,M,B,78.5711631344383
3,45,2.4658461394855915,2024-05-28 01:26:03.619095243,52,F,B,88.29722436829165
70,2,2.5846907664370216,2024-05-28 10:12:11.186662811,64,M,C,98.56118468894178
72,27,3.7818688267594487,2024-05-28 18:58:18.754230378,35,M,B,66.36108892789574
27,31,2.554232405081383,2024-05-29 03:44:26.321797946,66,M,B,89.22832859340343
9,36,2.7947744904901226,2024-05-29 12:30:33.889365513,55,F,A,45.56239689378867
62,36,1.9501765234973099,2024-05-29 21:16:41.456933081,44,F,A,45.56239689378867
37,26,2.4930071665173603,2024-05-30 06:02:49.024500648,28,M,C,49.963937428198264
97,43,1.909078509052606,2024-05-30 14:48:56.592068216,19,M,A,74.99289119103153
51,27,1.2927836950737746,2024-05-30 23:35:04.159635784,62,M,B,66.36108892789574
44,5,3.4137943735255116,2024-05-31 08:21:11.727203351,18,F,C,45.05337054121783
24,20,3.672851194220065,2024-05-31 17:07:19.294770919,26,M,B,34.322292291770495
79,11,3.477961384038458,2024-06-01 01:53:26.862338486,35,F,A,58.75343311690036
59,10,2.8539761752022894,2024-06-01 10:39:34.429906054,22,F,B,59.834033682221005
32,40,2.5191431207169193,2024-06-01 19:25:41.997473621,68,M,B,30.497476249288862
96,38,4.4533345982873005,2024-06-02 04:11:49.565041189,27,M,A,52.7991433738144
88,6,3.076327140544872,2024-06-02 12:57:57.132608757,29,M,B,44.69607142632301
52,8,2.916727510518924,2024-06-02 21:44:04.700176324,29,M,A,58.72668466128267
62,23,1.1025682632257428,2024-06-03 06:30:12.267743892,44,F,C,41.25493351274568
58,47,2.3649913105046254,2024-06-03 15:16:19.835311459,45,F,C,81.14588148473965
52,26,2.5207824751434282,2024-06-04 00:02:27.402879027,29,M,C,49.963937428198264
12,46,2.595291123587602,2024-06-04 08:48:34.970446594,66,F,A,21.758710944111662
39,43,3.320689476909329,2024-06-04 17:34:42.538014162,36,M,A,74.99289119103153
2,12,3.134410186907514,2024-06-05 02:20:50.105581729,31,F,B,78.5711631344383
3,26,3.4316203711737785,2024-06-05 11:06:57.673149297,52,F,C,49.963937428198264
56,13,4.059533046168513,2024-06-05 19:53:05.240716865,43,F,B,85.0284965743827
81,40,4.251942954864374,2024-06-06 04:39:12.808284432,36,M,B,30.497476249288862
59,18,3.8724923049059776,2024-06-06 13:25:20.375852000,22,F,B,15.18828239791224
2,25,4.822094783819739,2024-06-06 22:11:27.943419567,31,F,B,22.527703121112594
2,33,1.0729303307054465,2024-06-07 06:57:35.510987135,31,F,B,61.24396250640545
92,47,1.7831119427341844,2024-06-07 15:43:43.078554702,56,M,C,81.14588148473965
54,40,1.0302514999125685,2024-06-08 00:29:50.646122270,50,M,B,30.497476249288862
87,43,3.589898856618412,2024-06-08 09:15:58.213689838,50,M,A,74.99289119103153
96,12,4.592122195799948,2024-06-08 18:02:05.781257405,27,M,B,78.5711631344383
97,44,1.973929186305197,2024-06-09 02:48:13.348824973,19,M,A,58.004796588882634
1,36,4.708138179185227,2024-06-09 11:34:20.916392540,57,F,A,45.56239689378867
19,48,1.2410695611582434,2024-06-09 20:20:28.483960108,38,F,C,21.23387325701635
2,4,4.737744107222057,2024-06-10 05:06:36.051527675,31,F,C,96.50219368668337
53,5,2.4064907489585377,2024-06-10 13:52:43.619095243,65,M,C,45.05337054121783
44,37,1.405683313796866,2024-06-10 22:38:51.186662811,18,F,C,13.551357960180939
90,8,2.9434870367453025,2024-06-11 07:24:58.754230378,32,M,A,58.72668466128267
32,42,2.0271062708820318,2024-06-11 16:11:06.321797946,68,M,B,91.85091498435177
70,49,2.1394916078476913,2024-06-12 00:57:13.889365513,64,M,B,81.47895962944649
32,28,2.2291598597051463,2024-06-12 09:43:21.456933081,68,M,B,54.000804861320624
68,31,4.212103591330654,2024-06-12 18:29:29.024500648,40,M,B,89.22832859340343
55,9,3.156645106701018,2024-06-13 03:15:36.592068216,62,M,A,23.873053886063836
75,29,2.2452307966240146,2024-06-13 12:01:44.159635784,21,F,C,46.160092058889184
56,14,3.4413351332436735,2024-06-13 20:47:51.727203351,43,F,A,49.639721528118166
17,40,3.8646026968927742,2024-06-14 05:33:59.294770919,43,F,B,30.497476249288862
38,41,2.090496002934135,2024-06-14 14:20:06.862338486,63,M,A,96.76259624489623
24,22,2.654196406101406,2024-06-14 23:06:14.429906054,26,M,C,60.19379436250395
69,11,1.4875443733477902,2024-06-15 07:52:21.997473621,66,M,A,58.75343311690036
98,23,1.7245973981387213,2024-06-15 16:38:29.565041189,68,F,C,41.25493351274568
70,1,3.7244714158599312,2024-06-16 01:24:37.132608756,64,M,C,84.40366237673388
86,46,1.7257533907825078,2024-06-16 10:10:44.700176324,66,F,A,21.758710944111662
11,37,3.1006535346682407,2024-06-16 18:56:52.267743892,63,F,C,13.551357960180939
16,21,3.8361850468897307,2024-06-17 03:42:59.835311459,50,M,C,96.97756472797666
97,26,1.4275076923789753,2024-06-17 12:29:07.402879027,19,M,C,49.963937428198264
73,46,3.269248878515614,2024-06-17 21:15:14.970446594,35,F,A,21.758710944111662
59,36,2.026251134805455,2024-06-18 06:01:22.538014162,22,F,A,45.56239689378867
70,23,4.851707500950319,2024-06-18 14:47:30.105581729,64,M,C,41.25493351274568
80,1,2.934182586879699,2024-06-18 23:33:37.673149297,54,F,C,84.40366237673388
93,40,4.223970199100632,2024-06-19 08:19:45.240716865,19,M,B,30.497476249288862
3,15,3.200906168625047,2024-06-19 17:05:52.808284432,52,F,C,37.20999244163444
20,21,1.1736501314192767,2024-06-20 01:52:00.375852000,66,F,C,96.97756472797666
59,47,3.5326055023760894,2024-06-20 10:38:07.943419567,22,F,C,81.14588148473965
36,9,4.805613368826628,2024-06-20 19:24:15.510987135,30,F,A,23.873053886063836
19,9,3.4064472805853248,2024-06-21 04:10:23.078554702,38,F,A,23.873053886063836
90,10,4.276755437707161,2024-06-21 12:56:30.646122270,32,M,B,59.834033682221005
67,26,4.536825853393632,2024-06-21 21:42:38.213689838,64,M,C,49.963937428198264
19,41,1.91231908779573,2024-06-22 06:28:45.781257405,38,F,A,96.76259624489623
20,35,1.8481793596329066,2024-06-22 15:14:53.348824973,66,F,C,28.118089704018992
96,25,3.443923955403967,2024-06-23 00:01:00.916392540,27,M,B,22.527703121112594
71,26,2.644113879226819,2024-06-23 08:47:08.483960108,37,F,C,49.963937428198264
52,11,4.359445211466881,2024-06-23 17:33:16.051527675,29,M,A,58.75343311690036
33,38,4.600092493592045,2024-06-24 02:19:23.619095243,56,F,A,52.7991433738144
40,2,2.4136855172108724,2024-06-24 11:05:31.186662810,28,M,C,98.56118468894178
39,7,1.9474822358979282,2024-06-24 19:51:38.754230378,36,M,C,40.63483938290551
82,18,4.122102060975447,2024-06-25 04:37:46.321797946,64,F,B,15.18828239791224
1,27,2.0992241421925444,2024-06-25 13:23:53.889365513,57,F,B,66.36108892789574
11,34,4.290457274054713,2024-06-25 22:10:01.456933081,63,F,B,65.85944318421257
92,27,2.6949530145950513,2024-06-26 06:56:09.024500648,56,M,B,66.36108892789574
57,17,3.670199597165882,2024-06-26 15:42:16.592068216,56,F,A,27.516145303438474
89,43,1.3821412553386727,2024-06-27 00:28:24.159635783,68,F,A,74.99289119103153
50,44,3.495437298706292,2024-06-27 09:14:31.727203351,25,F,A,58.004796588882634
23,24,2.8070707149489165,2024-06-27 18:00:39.294770919,58,M,A,62.24208408943264
31,25,3.3464338527018964,2024-06-28 02:46:46.862338486,38,M,B,22.527703121112594
94,7,1.6720568309794537,2024-06-28 11:32:54.429906054,46,M,C,40.63483938290551
42,6,3.9474949797767285,2024-06-28 20:19:01.997473621,63,F,B,44.69607142632301
99,24,4.451188310172914,2024-06-29 05:05:09.565041189,28,F,A,62.24208408943264
7,33,1.8669592003631026,2024-06-29 13:51:17.132608756,66,M,B,61.24396250640545
16,49,1.382858222080647,2024-06-29 22:37:24.700176324,50,M,B,81.47895962944649
90,29,1.0945543441853456,2024-06-30 07:23:32.267743892,32,M,C,46.160092058889184
60,43,3.567886001773064,2024-06-30 16:09:39.835311460,25,F,A,74.99289119103153
2,22,3.428376144355123,2024-07-01 00:55:47.402879026,31,F,C,60.19379436250395
1,26,3.18678965085628,2024-07-01 09:41:54.970446594,57,F,C,49.963937428198264
48,28,1.9277883844639017,2024-07-01 18:28:02.538014162,29,M,B,54.000804861320624
12,50,2.5636239836220587,2024-07-02 03:14:10.105581730,66,F,B,34.819081142622125
69,21,3.377905340744692,2024-07-02 12:00:17.673149296,66,M,C,96.97756472797666
37,49,2.9870674354366775,2024-07-02 20:46:25.240716864,28,M,B,81.47895962944649
32,7,4.951142080859549,2024-07-03 05:32:32.808284432,68,M,C,40.63483938290551
9,17,1.5457590102269325,2024-07-03 14:18:40.375852000,55,F,A,27.516145303438474
99,20,3.780578216190375,2024-07-03 23:04:47.943419568,28,F,B,34.322292291770495
19,41,2.6172750724171685,2024-07-04 07:50:55.510987134,38,F,A,96.76259624489623
48,49,2.712798459702459,2024-07-04 16:37:03.078554702,29,M,B,81.47895962944649
80,20,3.870391062632705,2024-07-05 01:23:10.646122270,54,F,B,34.322292291770495
3,22,3.7697446052974786,2024-07-05 10:09:18.213689838,52,F,C,60.19379436250395
20,28,4.965023974808753,2024-07-05 18:55:25.781257406,66,F,B,54.000804861320624
24,40,1.513577157816501,2024-07-06 03:41:33.348824972,26,M,B,30.497476249288862
54,49,1.4164385975366653,2024-07-06 12:27:40.916392540,50,M,B,81.47895962944649
33,7,3.8973552685149646,2024-07-06 21:13:48.483960108,56,F,C,40.63483938290551
24,1,3.3135476680256364,2024-07-07 05:59:56.051527676,26,M,C,84.40366237673388
75,32,2.0966426662392235,2024-07-07 14:46:03.619095242,21,F,C,66.10653623434962
72,13,1.3176774759559464,2024-07-07 23:32:11.186662810,35,M,B,85.0284965743827
36,30,1.3426329983857221,2024-07-08 08:18:18.754230378,30,F,C,99.44635500097283
38,23,4.576763498656473,2024-07-08 17:04:26.321797946,63,M,C,41.25493351274568
84,19,1.7674692988749716,2024-07-09 01:50:33.889365514,57,F,A,40.8203180951242
99,32,2.293486248462083,2024-07-09 10:36:41.456933080,28,F,C,66.10653623434962
89,30,1.906625608907952,2024-07-09 19:22:49.024500648,68,F,C,99.44635500097283
99,29,2.4199852233277492,2024-07-10 04:08:56.592068216,28,F,C,46.160092058889184
25,49,1.2776953709843735,2024-07-10 12:55:04.159635784,41,F,B,81.47895962944649
93,45,3.0762391636330815,2024-07-10 21:41:11.727203350,19,M,B,88.29722436829165
18,29,1.2704502543688596,2024-07-11 06:27:19.294770918,56,M,C,46.160092058889184
82,30,4.201426031289446,2024-07-11 15:13:26.862338486,64,F,C,99.44635500097283
66,16,1.934848327641732,2024-07-11 23:59:34.429906054,62,F,A,33.3401407585385
54,40,3.1600476584180424,2024-07-12 08:45:41.997473622,50,M,B,30.497476249288862
35,19,4.5203163502458334,2024-07-12 17:31:49.565041188,56,M,A,40.8203180951242
80,18,3.6035094761887767,2024-07-13 02:17:57.132608756,54,F,B,15.18828239791224
61,1,3.131831146205341,2024-07-13 11:04:04.700176324,42,F,C,84.40366237673388
41,14,2.2973350124615024,2024-07-13 19:50:12.267743892,30,M,A,49.639721528118166
100,47,2.3320076522327917,2024-07-14 04:36:19.835311460,30,F,C,81.14588148473965
33,50,3.6779478207927605,2024-07-14 13:22:27.402879026,56,F,B,34.819081142622125
68,2,4.97655744488467,2024-07-14 22:08:34.970446594,40,M,C,98.56118468894178
33,28,3.6473567593975145,2024-07-15 06:54:42.538014162,56,F,B,54.000804861320624
14,49,3.2311336694800996,2024-07-15 15:40:50.105581730,60,M,B,81.47895962944649
21,50,3.9226020409569844,2024-07-16 00:26:57.673149296,59,F,B,34.819081142622125
48,30,2.8608224491348726,2024-07-16 09:13:05.240716864,29,M,C,99.44635500097283
20,38,1.2405693704031409,2024-07-16 17:59:12.808284432,66,F,A,52.7991433738144
8,4,3.2491872635116392,2024-07-17 02:45:20.375852000,30,M,C,96.50219368668337
7,1,4.830501138021521,2024-07-17 11:31:27.943419568,66,M,C,84.40366237673388
67,8,1.7012117694306386,2024-07-17 20:17:35.510987134,64,M,A,58.72668466128267
17,29,3.760019563282663,2024-07-18 05:03:43.078554702,43,F,C,46.160092058889184
33,39,1.803734754636226,2024-07-18 13:49:50.646122270,56,F,B,58.87221255618969
48,3,3.143310737892325,2024-07-18 22:35:58.213689838,29,M,C,35.956489403687115
76,32,1.3867057985868785,2024-07-19 07:22:05.781257406,47,M,C,66.10653623434962
59,10,2.8014837450327406,2024-07-19 16:08:13.348824972,22,F,B,59.834033682221005
86,10,4.024653315580984,2024-07-20 00:54:20.916392540,66,F,B,59.834033682221005
22,19,2.3902860969559283,2024-07-20 09:40:28.483960108,60,F,A,40.8203180951242
30,46,3.659646897948872,2024-07-20 18:26:36.051527676,41,M,A,21.758710944111662
38,34,4.181799843158917,2024-07-21 03:12:43.619095242,63,M,B,65.85944318421257
51,33,4.708711277917811,2024-07-21 11:58:51.186662810,62,M,B,61.24396250640545
54,23,1.9385683274218142,2024-07-21 20:44:58.754230378,50,M,C,41.25493351274568
8,28,2.5972636632372326,2024-07-22 05:31:06.321797946,30,M,B,54.000804861320624
27,32,1.6096640533216697,2024-07-22 14:17:13.889365514,66,M,C,66.10653623434962
27,50,4.969934008633501,2024-07-22 23:03:21.456933080,66,M,B,34.819081142622125
98,7,4.708003871697182,2024-07-23 07:49:29.024500648,68,F,C,40.63483938290551
21,29,3.1598285211222383,2024-07-23 16:35:36.592068216,59,F,C,46.160092058889184
30,8,4.368133177505685,2024-07-24 01:21:44.159635784,41,M,A,58.72668466128267
97,1,3.0838319090881687,2024-07-24 10:07:51.727203350,19,M,C,84.40366237673388
28,3,3.494342752011039,2024-07-24 18:53:59.294770918,58,M,C,35.956489403687115
64,24,1.3564977284640665,2024-07-25 03:40:06.862338486,40,M,A,62.24208408943264
97,23,4.021081681987232,2024-07-25 12:26:14.429906054,19,M,C,41.25493351274568
69,8,1.5108539345409393,2024-07-25 21:12:21.997473622,66,M,A,58.72668466128267
61,47,4.304270521010114,2024-07-26 05:58:29.565041188,42,F,C,81.14588148473965
48,37,4.128112350681544,2024-07-26 14:44:37.132608756,29,M,C,13.551357960180939
19,3,3.8349787909719057,2024-07-26 23:30:44.700176324,38,F,C,35.956489403687115
4,33,1.1446415220990485,2024-07-27 08:16:52.267743892,65,M,B,61.24396250640545
35,28,2.2125134237813144,2024-07-27 17:02:59.835311460,56,M,B,54.000804861320624
64,47,2.0524502796433715,2024-07-28 01:49:07.402879026,40,M,C,81.14588148473965
49,8,2.4405456298860764,2024-07-28 10:35:14.970446594,25,F,A,58.72668466128267
17,34,1.3505709870553542,2024-07-28 19:21:22.538014162,43,F,B,65.85944318421257
44,35,4.747831292124252,2024-07-29 04:07:30.105581730,18,F,C,28.118089704018992
92,32,3.215208962849505,2024-07-29 12:53:37.673149296,56,M,C,66.10653623434962
30,24,2.222097242632094,2024-07-29 21:39:45.240716864,41,M,A,62.24208408943264
93,14,2.5879260682971337,2024-07-30 06:25:52.808284432,19,M,A,49.639721528118166
46,32,2.7888101620193426,2024-07-30 15:12:00.375852000,61,M,C,66.10653623434962
6,46,3.402377333442469,2024-07-30 23:58:07.943419568,37,M,A,21.758710944111662
99,43,3.062717710785991,2024-07-31 08:44:15.510987134,28,F,A,74.99289119103153
37,16,4.677567892857669,2024-07-31 17:30:23.078554702,28,M,A,33.3401407585385
24,4,2.987853931623321,2024-08-01 02:16:30.646122270,26,M,C,96.50219368668337
93,37,4.968632059293251,2024-08-01 11:02:38.213689838,19,M,C,13.551357960180939
46,21,4.405699830980383,2024-08-01 19:48:45.781257404,61,M,C,96.97756472797666
53,14,1.8340420574293432,2024-08-02 04:34:53.348824972,65,M,A,49.639721528118166
95,31,4.722380858575665,2024-08-02 13:21:00.916392540,58,F,B,89.22832859340343
99,48,1.4654655915419044,2024-08-02 22:07:08.483960108,28,F,C,21.23387325701635
60,18,4.269798833964766,2024-08-03 06:53:16.051527676,25,F,B,15.18828239791224
97,7,2.5224931739063203,2024-08-03 15:39:23.619095242,19,M,C,40.63483938290551
63,10,4.5118972817802785,2024-08-04 00:25:31.186662810,63,M,B,59.834033682221005
85,7,4.472226760429802,2024-08-04 09:11:38.754230378,37,F,C,40.63483938290551
32,33,4.223701600470484,2024-08-04 17:57:46.321797946,68,M,B,61.24396250640545
87,23,4.1601217452282455,2024-08-05 02:43:53.889365514,50,M,C,41.25493351274568
33,21,2.218716556392163,2024-08-05 11:30:01.456933080,56,F,C,96.97756472797666
67,19,1.3236771322050087,2024-08-05 20:16:09.024500648,64,M,A,40.8203180951242
18,48,2.611920715060646,2024-08-06 05:02:16.592068216,56,M,C,21.23387325701635
25,19,1.6940980599460347,2024-08-06 13:48:24.159635784,41,F,A,40.8203180951242
95,36,3.779804355609847,2024-08-06 22:34:31.727203350,58,F,A,45.56239689378867
54,29,2.384398906151142,2024-08-07 07:20:39.294770918,50,M,C,46.160092058889184
58,18,4.90244080343966,2024-08-07 16:06:46.862338486,45,F,B,15.18828239791224
67,2,3.563888309381328,2024-08-08 00:52:54.429906054,64,M,C,98.56118468894178
46,1,4.289922254537444,2024-08-08 09:39:01.997473622,61,M,C,84.40366237673388
24,47,1.5300986909673937,2024-08-08 18:25:09.565041188,26,M,C,81.14588148473965
32,5,4.44805792909049,2024-08-09 03:11:17.132608756,68,M,C,45.05337054121783
47,20,4.691028762053577,2024-08-09 11:57:24.700176324,36,F,B,34.322292291770495
86,11,2.9482476752757436,2024-08-09 20:43:32.267743892,66,F,A,58.75343311690036
23,42,3.4250117510039098,2024-08-10 05:29:39.835311458,58,M,B,91.85091498435177
66,2,4.059239203611982,2024-08-10 14:15:47.402879026,62,F,C,98.56118468894178
27,3,1.6993545090416502,2024-08-10 23:01:54.970446594,66,M,C,35.956489403687115
2,23,3.0102643058537697,2024-08-11 07:48:02.538014162,31,F,C,41.25493351274568
90,12,2.5946521110892524,2024-08-11 16:34:10.105581730,32,M,B,78.5711631344383
17,20,1.5854959686489964,2024-08-12 01:20:17.673149296,43,F,B,34.322292291770495
33,5,2.4701376891661257,2024-08-12 10:06:25.240716864,56,F,C,45.05337054121783
9,37,1.2726892375419743,2024-08-12 18:52:32.808284432,55,F,C,13.551357960180939
43,38,1.103247627797948,2024-08-13 03:38:40.375852000,62,M,A,52.7991433738144
48,30,1.540665156619291,2024-08-13 12:24:47.943419568,29,M,C,99.44635500097283
39,9,4.852460446356695,2024-08-13 21:10:55.510987134,36,M,A,23.873053886063836
93,34,3.198118143580068,2024-08-14 05:57:03.078554702,19,M,B,65.85944318421257
42,44,4.863288644612879,2024-08-14 14:43:10.646122270,63,F,A,58.004796588882634
26,35,2.729991513320528,2024-08-14 23:29:18.213689838,54,F,C,28.118089704018992
99,22,2.2472645323410383,2024-08-15 08:15:25.781257404,28,F,C,60.19379436250395
50,44,3.0245674513609764,2024-08-15 17:01:33.348824972,25,F,A,58.004796588882634
25,24,2.7580467545316405,2024-08-16 01:47:40.916392540,41,F,A,62.24208408943264
24,17,1.4226587370469757,2024-08-16 10:33:48.483960108,26,M,A,27.516145303438474
13,10,3.563305258760825,2024-08-16 19:19:56.051527676,25,M,B,59.834033682221005
60,30,1.8641527300383984,2024-08-17 04:06:03.619095242,25,F,C,99.44635500097283
7,46,3.4783518195913183,2024-08-17 12:52:11.186662810,66,M,A,21.758710944111662
57,23,3.6008043695926135,2024-08-17 21:38:18.754230378,56,F,C,41.25493351274568
36,32,1.6080994125145924,2024-08-18 06:24:26.321797946,30,F,C,66.10653623434962
45,17,1.2453985084426726,2024-08-18 15:10:33.889365514,57,F,A,27.516145303438474
20,50,4.123046344273759,2024-08-18 23:56:41.456933080,66,F,B,34.819081142622125
65,17,2.8392016950772807,2024-08-19 08:42:49.024500648,47,F,A,27.516145303438474
8,14,1.2326551820219032,2024-08-19 17:28:56.592068216,30,M,A,49.639721528118166
16,9,4.979465268679069,2024-08-20 02:15:04.159635784,50,M,A,23.873053886063836
14,40,1.2311222439854665,2024-08-20 11:01:11.727203350,60,M,B,30.497476249288862
76,2,3.7801409154342127,2024-08-20 19:47:19.294770918,47,M,C,98.56118468894178
87,45,4.934715701053655,2024-08-21 04:33:26.862338486,50,M,B,88.29722436829165
15,25,1.9567204168637025,2024-08-21 13:19:34.429906054,37,F,B,22.527703121112594
92,39,1.5689974747487847,2024-08-21 22:05:41.997473622,56,M,B,58.87221255618969
98,9,1.4855397576897156,2024-08-22 06:51:49.565041188,68,F,A,23.873053886063836
66,22,2.213100590270382,2024-08-22 15:37:57.132608756,62,F,C,60.19379436250395
32,43,1.4041832440425868,2024-08-23 00:24:04.700176324,68,M,A,74.99289119103153
87,46,3.7686453667765276,2024-08-23 09:10:12.267743892,50,M,A,21.758710944111662
63,4,1.2491671925202508,2024-08-23 17:56:19.835311458,63,M,C,96.50219368668337
86,26,3.037688512599159,2024-08-24 02:42:27.402879026,66,F,C,49.963937428198264
51,29,4.986787415411907,2024-08-24 11:28:34.970446594,62,M,C,46.160092058889184
25,45,4.255881078024075,2024-08-24 20:14:42.538014162,41,F,B,88.29722436829165
58,34,3.4608777529240435,2024-08-25 05:00:50.105581730,45,F,B,65.85944318421257
63,23,2.2250144831464467,2024-08-25 13:46:57.673149296,63,M,C,41.25493351274568
62,37,3.495583345166554,2024-08-25 22:33:05.240716864,44,F,C,13.551357960180939
22,11,3.1081658556466065,2024-08-26 07:19:12.808284432,60,F,A,58.75343311690036
58,6,2.704333535561486,2024-08-26 16:05:20.375852000,45,F,B,44.69607142632301
58,18,1.522841506960798,2024-08-27 00:51:27.943419568,45,F,B,15.18828239791224
86,21,4.546416860961867,2024-08-27 09:37:35.510987134,66,F,C,96.97756472797666
49,42,2.79913859528529,2024-08-27 18:23:43.078554702,25,F,B,91.85091498435177
52,36,1.7784900472830603,2024-08-28 03:09:50.646122270,29,M,A,45.56239689378867
42,41,2.4710374035091585,2024-08-28 11:55:58.213689838,63,F,A,96.76259624489623
70,38,2.656519010115708,2024-08-28 20:42:05.781257404,64,M,A,52.7991433738144
15,34,4.310151582267498,2024-08-29 05:28:13.348824972,37,F,B,65.85944318421257
54,17,3.934457522245608,2024-08-29 14:14:20.916392540,50,M,A,27.516145303438474
60,37,4.077219574565359,2024-08-29 23:00:28.483960108,25,F,C,13.551357960180939
97,25,1.0441250577145889,2024-08-30 07:46:36.051527676,19,M,B,22.527703121112594
8,38,2.664615992719046,2024-08-30 16:32:43.619095242,30,M,A,52.7991433738144
53,12,2.9253766065412945,2024-08-31 01:18:51.186662810,65,M,B,78.5711631344383
60,23,1.0767691072922267,2024-08-31 10:04:58.754230378,25,F,C,41.25493351274568
5,42,2.039252834980137,2024-08-31 18:51:06.321797946,62,F,B,91.85091498435177
68,22,4.0411592924885404,2024-09-01 03:37:13.889365512,40,M,C,60.19379436250395
6,21,1.5484388229159962,2024-09-01 12:23:21.456933080,37,M,C,96.97756472797666
96,27,3.1412405258103666,2024-09-01 21:09:29.024500648,27,M,B,66.36108892789574
94,31,1.86080748806895,2024-09-02 05:55:36.592068216,46,M,B,89.22832859340343
47,6,1.048483098575573,2024-09-02 14:41:44.159635784,36,F,B,44.69607142632301
99,27,1.964805830398166,2024-09-02 23:27:51.727203350,28,F,B,66.36108892789574
55,40,4.903495019640215,2024-09-03 08:13:59.294770918,62,M,B,30.497476249288862
40,34,4.206148447531959,2024-09-03 17:00:06.862338486,28,M,B,65.85944318421257
52,12,4.838306577284134,2024-09-04 01:46:14.429906054,29,M,B,78.5711631344383
16,45,2.95141617570545,2024-09-04 10:32:21.997473622,50,M,B,88.29722436829165
13,7,1.438944794710014,2024-09-04 19:18:29.565041188,25,M,C,40.63483938290551
30,10,3.191837955894772,2024-09-05 04:04:37.132608756,41,M,B,59.834033682221005
19,45,2.8175093382398435,2024-09-05 12:50:44.700176324,38,F,B,88.29722436829165
17,17,4.377428330958464,2024-09-05 21:36:52.267743892,43,F,A,27.516145303438474
63,26,1.3923303231369784,2024-09-06 06:22:59.835311458,63,M,C,49.963937428198264
19,21,2.9529645480871127,2024-09-06 15:09:07.402879026,38,F,C,96.97756472797666
92,28,1.600194658775937,2024-09-06 23:55:14.970446594,56,M,B,54.000804861320624
58,46,2.29870370756024,2024-09-07 08:41:22.538014162,45,F,A,21.758710944111662
55,2,3.9494283095511986,2024-09-07 17:27:30.105581730,62,M,C,98.56118468894178
90,43,2.904072517475066,2024-09-08 02:13:37.673149296,32,M,A,74.99289119103153
90,1,2.5035531405830773,2024-09-08 10:59:45.240716864,32,M,C,84.40366237673388
62,36,2.5779051142801412,2024-09-08 19:45:52.808284432,44,F,A,45.56239689378867
23,26,2.8377870736239466,2024-09-09 04:32:00.375852000,58,M,C,49.963937428198264
9,29,4.1400661753482275,2024-09-09 13:18:07.943419568,55,F,C,46.160092058889184
12,21,4.568338755760937,2024-09-09 22:04:15.510987134,66,F,C,96.97756472797666
1,11,4.821338746015713,2024-09-10 06:50:23.078554702,57,F,A,58.75343311690036
58,40,4.14761354502118,2024-09-10 15:36:30.646122270,45,F,B,30.497476249288862
1,11,2.261627582992051,2024-09-11 00:22:38.213689838,57,F,A,58.75343311690036
34,36,3.7525388243461686,2024-09-11 09:08:45.781257404,58,M,A,45.56239689378867
96,49,2.7504124962215677,2024-09-11 17:54:53.348824972,27,M,B,81.47895962944649
48,39,2.0186824881842047,2024-09-12 02:41:00.916392540,29,M,B,58.87221255618969
89,40,4.363486317703691,2024-09-12 11:27:08.483960108,68,F,B,30.497476249288862
1,35,1.1537053958493,2024-09-12 20:13:16.051527676,57,F,C,28.118089704018992
16,34,4.6070479685416945,2024-09-13 04:59:23.619095242,50,M,B,65.85944318421257
61,47,2.8459098584989366,2024-09-13 13:45:31.186662810,42,F,C,81.14588148473965
64,24,3.5488059072331217,2024-09-13 22:31:38.754230378,40,M,A,62.24208408943264
63,22,3.637415688823131,2024-09-14 07:17:46.321797946,63,M,C,60.19379436250395
69,5,4.580470962826146,2024-09-14 16:03:53.889365512,66,M,C,45.05337054121783
22,33,3.5466787286688293,2024-09-15 00:50:01.456933080,60,F,B,61.24396250640545
93,36,3.455734339040247,2024-09-15 09:36:09.024500648,19,M,A,45.56239689378867
67,47,1.2666081622427598,2024-09-15 18:22:16.592068216,64,M,C,81.14588148473965
76,20,3.0736320877808163,2024-09-16 03:08:24.159635784,47,M,B,34.322292291770495
26,19,1.6006760032681666,2024-09-16 11:54:31.727203350,54,F,A,40.8203180951242
16,35,3.9497350748859423,2024-09-16 20:40:39.294770918,50,M,C,28.118089704018992
51,43,3.048887683250698,2024-09-17 05:26:46.862338486,62,M,A,74.99289119103153
86,17,3.7209111168334132,2024-09-17 14:12:54.429906054,66,F,A,27.516145303438474
57,45,1.166691602409537,2024-09-17 22:59:01.997473622,56,F,B,88.29722436829165
29,43,1.3391680641832129,2024-09-18 07:45:09.565041188,34,M,A,74.99289119103153
78,34,3.865293552250729,2024-09-18 16:31:17.132608756,53,F,B,65.85944318421257
92,9,1.2883373439946935,2024-09-19 01:17:24.700176324,56,M,A,23.873053886063836
69,26,1.2850269110610344,2024-09-19 10:03:32.267743892,66,M,C,49.963937428198264
47,2,1.0484339009395498,2024-09-19 18:49:39.835311458,36,F,C,98.56118468894178
94,9,4.82600559319792,2024-09-20 03:35:47.402879026,46,M,A,23.873053886063836
62,9,3.950033437836028,2024-09-20 12:21:54.970446594,44,F,A,23.873053886063836
69,40,2.4130056340082566,2024-09-20 21:08:02.538014162,66,M,B,30.497476249288862
76,17,2.186142325150621,2024-09-21 05:54:10.105581730,47,M,A,27.516145303438474
16,1,2.398812918983398,2024-09-21 14:40:17.673149296,50,M,C,84.40366237673388
90,25,4.098614124724728,2024-09-21 23:26:25.240716864,32,M,B,22.527703121112594
90,43,3.6454824442816576,2024-09-22 08:12:32.808284432,32,M,A,74.99289119103153
48,40,1.7407822714698717,2024-09-22 16:58:40.375852000,29,M,B,30.497476249288862
85,42,1.6964373413363374,2024-09-23 01:44:47.943419566,37,F,B,91.85091498435177
39,25,1.3935825988535893,2024-09-23 10:30:55.510987134,36,M,B,22.527703121112594
100,39,3.6412108788053525,2024-09-23 19:17:03.078554702,30,F,B,58.87221255618969
33,35,4.057490648886944,2024-09-24 04:03:10.646122270,56,F,C,28.118089704018992
94,3,2.060185713300016,2024-09-24 12:49:18.213689838,46,M,C,35.956489403687115
23,50,1.0837798441236512,2024-09-24 21:35:25.781257404,58,M,B,34.819081142622125
10,37,1.3286866699057094,2024-09-25 06:21:33.348824972,66,M,C,13.551357960180939
69,44,4.871440139380121,2024-09-25 15:07:40.916392540,66,M,A,58.004796588882634
100,44,2.181779109909681,2024-09-25 23:53:48.483960108,30,F,A,58.004796588882634
34,30,4.076892591352534,2024-09-26 08:39:56.051527676,58,M,C,99.44635500097283
52,38,3.498654275417055,2024-09-26 17:26:03.619095242,29,M,A,52.7991433738144
95,34,2.5277585586115836,2024-09-27 02:12:11.186662810,58,F,B,65.85944318421257
10,12,1.8227490487822204,2024-09-27 10:58:18.754230378,66,M,B,78.5711631344383
19,19,1.4855456726376257,2024-09-27 19:44:26.321797946,38,F,A,40.8203180951242
58,37,3.4600518721554665,2024-09-28 04:30:33.889365512,45,F,C,13.551357960180939
96,44,4.0985351225511515,2024-09-28 13:16:41.456933080,27,M,A,58.004796588882634
1,49,3.5756170141645227,2024-09-28 22:02:49.024500648,57,F,B,81.47895962944649
69,17,3.1212085329966333,2024-09-29 06:48:56.592068216,66,M,A,27.516145303438474
4,10,1.167804893726545,2024-09-29 15:35:04.159635784,65,M,B,59.834033682221005
16,49,4.873955110377535,2024-09-30 00:21:11.727203350,50,M,B,81.47895962944649
24,47,4.194856766618298,2024-09-30 09:07:19.294770918,26,M,C,81.14588148473965
80,12,2.171288146803859,2024-09-30 17:53:26.862338486,54,F,B,78.5711631344383
2,16,4.919881317435403,2024-10-01 02:39:34.429906054,31,F,A,33.3401407585385
92,24,3.4075263585452884,2024-10-01 11:25:41.997473620,56,M,A,62.24208408943264
32,19,3.329690632828986,2024-10-01 20:11:49.565041188,68,M,A,40.8203180951242
91,8,3.9922927177181284,2024-10-02 04:57:57.132608756,58,F,A,58.72668466128267
84,31,4.24707915236055,2024-10-02 13:44:04.700176324,57,F,B,89.22832859340343
24,21,3.6259144293260106,2024-10-02 22:30:12.267743892,26,M,C,96.97756472797666
12,17,1.5123829854648,2024-10-03 07:16:19.835311458,66,F,A,27.516145303438474
50,23,2.3530700239779936,2024-10-03 16:02:27.402879026,25,F,C,41.25493351274568
35,37,4.712334561304199,2024-10-04 00:48:34.970446594,56,M,C,13.551357960180939
33,16,1.8984624473754077,2024-10-04 09:34:42.538014162,56,F,A,33.3401407585385
33,6,2.4886680953500533,2024-10-04 18:20:50.105581730,56,F,B,44.69607142632301
61,8,2.728307531776784,2024-10-05 03:06:57.673149296,42,F,A,58.72668466128267
51,25,2.7576199587778087,2024-10-05 11:53:05.240716864,62,M,B,22.527703121112594
43,18,3.451758329978102,2024-10-05 20:39:12.808284432,62,M,B,15.18828239791224
12,25,4.772303350978831,2024-10-06 05:25:20.375852000,66,F,B,22.527703121112594
67,12,1.9627708473300198,2024-10-06 14:11:27.943419566,64,M,B,78.5711631344383
65,15,1.4860055052036723,2024-10-06 22:57:35.510987134,47,F,C,37.20999244163444
33,26,1.7898819594397493,2024-10-07 07:43:43.078554702,56,F,C,49.963937428198264
40,41,4.547699600837078,2024-10-07 16:29:50.646122270,28,M,A,96.76259624489623
74,45,3.583243250620824,2024-10-08 01:15:58.213689838,19,F,B,88.29722436829165
43,26,2.1436271569566405,2024-10-08 10:02:05.781257404,62,M,C,49.963937428198264
44,47,4.2637877558744695,2024-10-08 18:48:13.348824972,18,F,C,81.14588148473965
29,32,4.445479985453744,2024-10-09 03:34:20.916392540,34,M,C,66.10653623434962
13,10,4.386057354761112,2024-10-09 12:20:28.483960108,25,M,B,59.834033682221005
12,16,4.675706134558218,2024-10-09 21:06:36.051527676,66,F,A,33.3401407585385
95,7,2.0089640806934463,2024-10-10 05:52:43.619095242,58,F,C,40.63483938290551
46,17,4.020167714985114,2024-10-10 14:38:51.186662810,61,M,A,27.516145303438474
2,23,2.84215798909656,2024-10-10 23:24:58.754230378,31,F,C,41.25493351274568
35,26,4.367994211560246,2024-10-11 08:11:06.321797946,56,M,C,49.963937428198264
87,21,3.913962708646453,2024-10-11 16:57:13.889365512,50,M,C,96.97756472797666
81,22,4.1057897859988985,2024-10-12 01:43:21.456933080,36,M,C,60.19379436250395
90,7,3.624647350724286,2024-10-12 10:29:29.024500648,32,M,C,40.63483938290551
8,14,1.7097150778788275,2024-10-12 19:15:36.592068216,30,M,A,49.639721528118166
93,15,3.1801076755877533,2024-10-13 04:01:44.159635784,19,M,C,37.20999244163444
26,7,4.938678958098032,2024-10-13 12:47:51.727203352,54,F,C,40.63483938290551
74,9,4.749552265988475,2024-10-13 21:33:59.294770920,19,F,A,23.873053886063836
90,48,1.1726949431880467,2024-10-14 06:20:06.862338484,32,M,C,21.23387325701635
34,8,1.6592592629177485,2024-10-14 15:06:14.429906052,58,M,A,58.72668466128267
7,50,1.5269150938182476,2024-10-14 23:52:21.997473620,66,M,B,34.819081142622125
68,23,3.903919639941182,2024-10-15 08:38:29.565041188,40,M,C,41.25493351274568
58,29,4.27114131942778,2024-10-15 17:24:37.132608756,45,F,C,46.160092058889184
75,18,1.8540454652426877,2024-10-16 02:10:44.700176324,21,F,B,15.18828239791224
29,31,3.023410771807316,2024-10-16 10:56:52.267743892,34,M,B,89.22832859340343
36,30,4.3628121120448,2024-10-16 19:42:59.835311460,30,F,C,99.44635500097283
89,39,3.9312061790650024,2024-10-17 04:29:07.402879028,68,F,B,58.87221255618969
21,35,3.168948821967393,2024-10-17 13:15:14.970446592,59,F,C,28.118089704018992
36,18,3.3613907618350916,2024-10-17 22:01:22.538014160,30,F,B,15.18828239791224
10,42,3.03344218766512,2024-10-18 06:47:30.105581728,66,M,B,91.85091498435177
73,39,2.1901938052752823,2024-10-18 15:33:37.673149296,35,F,B,58.87221255618969
24,17,3.2600879714360644,2024-10-19 00:19:45.240716864,26,M,A,27.516145303438474
64,14,3.7555412082003627,2024-10-19 09:05:52.808284432,40,M,A,49.639721528118166
99,31,4.49329166344323,2024-10-19 17:52:00.375852000,28,F,B,89.22832859340343
49,24,3.5451654159169923,2024-10-20 02:38:07.943419568,25,F,A,62.24208408943264
99,35,4.044486148172632,2024-10-20 11:24:15.510987136,28,F,C,28.118089704018992
36,44,1.640286539818292,2024-10-20 20:10:23.078554704,30,F,A,58.004796588882634
82,45,2.8462298976791596,2024-10-21 04:56:30.646122268,64,F,B,88.29722436829165
96,34,1.0373264793083732,2024-10-21 13:42:38.213689836,27,M,B,65.85944318421257
24,3,1.986715458086492,2024-10-21 22:28:45.781257404,26,M,C,35.956489403687115
23,37,3.9058468604520193,2024-10-22 07:14:53.348824972,58,M,C,13.551357960180939
62,43,4.967239805397454,2024-10-22 16:01:00.916392540,44,F,A,74.99289119103153
96,40,1.3967123983488636,2024-10-23 00:47:08.483960108,27,M,B,30.497476249288862
37,26,2.605977263445153,2024-10-23 09:33:16.051527676,28,M,C,49.963937428198264
12,23,4.200283874796638,2024-10-23 18:19:23.619095244,66,F,C,41.25493351274568
55,44,1.8161425385155954,2024-10-24 03:05:31.186662812,62,M,A,58.004796588882634
13,39,3.220339797209145,2024-10-24 11:51:38.754230376,25,M,B,58.87221255618969
23,15,3.932285184118699,2024-10-24 20:37:46.321797944,58,M,C,37.20999244163444
89,49,3.463941801040716,2024-10-25 05:23:53.889365512,68,F,B,81.47895962944649
99,4,1.7520989384616645,2024-10-25 14:10:01.456933080,28,F,C,96.50219368668337
30,29,2.4215382747429577,2024-10-25 22:56:09.024500648,41,M,C,46.160092058889184
17,22,4.135167137941589,2024-10-26 07:42:16.592068216,43,F,C,60.19379436250395
62,25,3.2169060565280665,2024-10-26 16:28:24.159635784,44,F,B,22.527703121112594
84,13,1.020918454171651,2024-10-27 01:14:31.727203352,57,F,B,85.0284965743827
89,18,4.043963040112375,2024-10-27 10:00:39.294770920,68,F,B,15.18828239791224
86,33,1.1412454197609563,2024-10-27 18:46:46.862338484,66,F,B,61.24396250640545
13,16,3.9829351309249286,2024-10-28 03:32:54.429906052,25,M,A,33.3401407585385
59,45,1.8099222406609496,2024-10-28 12:19:01.997473620,22,F,B,88.29722436829165
19,42,4.832293920477521,2024-10-28 21:05:09.565041188,38,F,B,91.85091498435177
49,44,2.471763005208338,2024-10-29 05:51:17.132608756,25,F,A,58.004796588882634
100,2,2.3077264653523164,2024-10-29 14:37:24.700176324,30,F,C,98.56118468894178
12,35,1.5955522013297787,2024-10-29 23:23:32.267743892,66,F,C,28.118089704018992
61,42,2.2224168619608595,2024-10-30 08:09:39.835311460,42,F,B,91.85091498435177
19,34,4.506603047312803,2024-10-30 16:55:47.402879028,38,F,B,65.85944318421257
76,30,4.985337350508989,2024-10-31 01:41:54.970446592,47,M,C,99.44635500097283
9,13,2.4732381220273933,2024-10-31 10:28:02.538014160,55,F,B,85.0284965743827
71,13,2.7944425238181703,2024-10-31 19:14:10.105581728,37,F,B,85.0284965743827
28,18,3.888283752810948,2024-11-01 04:00:17.673149296,58,M,B,15.18828239791224
78,32,4.5447831218602985,2024-11-01 12:46:25.240716864,53,F,C,66.10653623434962
95,32,3.3721773367471366,2024-11-01 21:32:32.808284432,58,F,C,66.10653623434962
52,35,2.5661027927113174,2024-11-02 06:18:40.375852000,29,M,C,28.118089704018992
83,39,2.650487363394495,2024-11-02 15:04:47.943419568,45,M,B,58.87221255618969
16,46,3.7824725859872275,2024-11-02 23:50:55.510987136,50,M,A,21.758710944111662
69,29,1.0128730544171147,2024-11-03 08:37:03.078554700,66,M,C,46.160092058889184
99,49,3.4783573498393627,2024-11-03 17:23:10.646122268,28,F,B,81.47895962944649
12,29,2.4219720417654296,2024-11-04 02:09:18.213689836,66,F,C,46.160092058889184
25,44,4.176789325108337,2024-11-04 10:55:25.781257404,41,F,A,58.004796588882634
52,16,1.3719625592925286,2024-11-04 19:41:33.348824972,29,M,A,33.3401407585385
85,44,3.352809067793562,2024-11-05 04:27:40.916392540,37,F,A,58.004796588882634
100,47,2.923891559544495,2024-11-05 13:13:48.483960108,30,F,C,81.14588148473965
53,10,3.5693021036209096,2024-11-05 21:59:56.051527676,65,M,B,59.834033682221005
23,30,1.2594143779318734,2024-11-06 06:46:03.619095244,58,M,C,99.44635500097283
16,25,3.319935149712525,2024-11-06 15:32:11.186662812,50,M,B,22.527703121112594
57,39,3.245938351838095,2024-11-07 00:18:18.754230376,56,F,B,58.87221255618969
39,20,3.2426403776646837,2024-11-07 09:04:26.321797944,36,M,B,34.322292291770495
53,5,3.4139506663858192,2024-11-07 17:50:33.889365512,65,M,C,45.05337054121783
42,1,3.705871748905449,2024-11-08 02:36:41.456933080,63,F,C,84.40366237673388
58,30,4.219955998723079,2024-11-08 11:22:49.024500648,45,F,C,99.44635500097283
39,49,2.0792828805128574,2024-11-08 20:08:56.592068216,36,M,B,81.47895962944649
14,3,4.300197640720248,2024-11-09 04:55:04.159635784,60,M,C,35.956489403687115
95,45,2.9930227290538145,2024-11-09 13:41:11.727203352,58,F,B,88.29722436829165
5,14,1.3082331165373247,2024-11-09 22:27:19.294770920,62,F,A,49.639721528118166
35,30,1.2342037169759168,2024-11-10 07:13:26.862338484,56,M,C,99.44635500097283
87,50,2.336953274784243,2024-11-10 15:59:34.429906052,50,M,B,34.819081142622125
93,4,4.13958790844587,2024-11-11 00:45:41.997473620,19,M,C,96.50219368668337
75,18,3.830723738963663,2024-11-11 09:31:49.565041188,21,F,B,15.18828239791224
18,37,4.154459858689625,2024-11-11 18:17:57.132608756,56,M,C,13.551357960180939
76,25,3.0690762257664375,2024-11-12 03:04:04.700176324,47,M,B,22.527703121112594
9,48,2.7607959918219622,2024-11-12 11:50:12.267743892,55,F,C,21.23387325701635
74,1,1.5898101068251358,2024-11-12 20:36:19.835311460,19,F,C,84.40366237673388
58,46,2.312771014437246,2024-11-13 05:22:27.402879028,45,F,A,21.758710944111662
17,15,2.736077464695501,2024-11-13 14:08:34.970446592,43,F,C,37.20999244163444
7,9,1.354401718718469,2024-11-13 22:54:42.538014160,66,M,A,23.873053886063836
46,15,1.882447810844845,2024-11-14 07:40:50.105581728,61,M,C,37.20999244163444
13,49,3.3929011762549552,2024-11-14 16:26:57.673149296,25,M,B,81.47895962944649
40,24,3.9426524569567594,2024-11-15 01:13:05.240716864,28,M,A,62.24208408943264
42,4,4.9933900455717986,2024-11-15 09:59:12.808284432,63,F,C,96.50219368668337
9,12,4.73245332537423,2024-11-15 18:45:20.375852000,55,F,B,78.5711631344383
50,37,3.570260798140766,2024-11-16 03:31:27.943419568,25,F,C,13.551357960180939
27,37,2.684992213176288,2024-11-16 12:17:35.510987136,66,M,C,13.551357960180939
66,43,3.544709458832931,2024-11-16 21:03:43.078554700,62,F,A,74.99289119103153
5,6,4.142606472320928,2024-11-17 05:49:50.646122268,62,F,B,44.69607142632301
29,39,1.4733447636935493,2024-11-17 14:35:58.213689836,34,M,B,58.87221255618969
37,46,2.639619558785153,2024-11-17 23:22:05.781257404,28,M,A,21.758710944111662
38,24,4.359209142542468,2024-11-18 08:08:13.348824972,63,M,A,62.24208408943264
83,11,2.535331807732176,2024-11-18 16:54:20.916392540,45,M,A,58.75343311690036
8,13,3.287489084908746,2024-11-19 01:40:28.483960108,30,M,B,85.0284965743827
65,34,3.351077443448793,2024-11-19 10:26:36.051527676,47,F,B,65.85944318421257
86,25,1.7379050125345574,2024-11-19 19:12:43.619095244,66,F,B,22.527703121112594
17,7,2.4489417666091535,2024-11-20 03:58:51.186662812,43,F,C,40.63483938290551
71,4,2.3380451549677286,2024-11-20 12:44:58.754230376,37,F,C,96.50219368668337
89,8,1.1047868341282592,2024-11-20 21:31:06.321797944,68,F,A,58.72668466128267
45,20,1.096767055565421,2024-11-21 06:17:13.889365512,57,F,B,34.322292291770495
4,29,4.326788174703093,2024-11-21 15:03:21.456933080,65,M,C,46.160092058889184
36,45,2.0922832398912496,2024-11-21 23:49:29.024500648,30,F,B,88.29722436829165
70,46,3.0723150649552617,2024-11-22 08:35:36.592068216,64,M,A,21.758710944111662
31,10,2.194902294355092,2024-11-22 17:21:44.159635784,38,M,B,59.834033682221005
19,43,4.762716980461362,2024-11-23 02:07:51.727203352,38,F,A,74.99289119103153
61,34,2.037187035463095,2024-11-23 10:53:59.294770920,42,F,B,65.85944318421257
54,26,2.7186272509557403,2024-11-23 19:40:06.862338484,50,M,C,49.963937428198264
39,41,4.490921001938407,2024-11-24 04:26:14.429906052,36,M,A,96.76259624489623
91,49,4.367734267167235,2024-11-24 13:12:21.997473620,58,F,B,81.47895962944649
74,3,1.7444056713851093,2024-11-24 21:58:29.565041188,19,F,C,35.956489403687115
90,6,4.210573239182842,2024-11-25 06:44:37.132608756,32,M,B,44.69607142632301
19,5,2.8327475469515706,2024-11-25 15:30:44.700176324,38,F,C,45.05337054121783
39,5,2.931875488341421,2024-11-26 00:16:52.267743892,36,M,C,45.05337054121783
67,47,1.5339198896637751,2024-11-26 09:02:59.835311460,64,M,C,81.14588148473965
45,23,1.3224060550284986,2024-11-26 17:49:07.402879028,57,F,C,41.25493351274568
13,49,3.9117572278950608,2024-11-27 02:35:14.970446592,25,M,B,81.47895962944649
92,9,2.985844609421199,2024-11-27 11:21:22.538014160,56,M,A,23.873053886063836
58,35,2.747402810460718,2024-11-27 20:07:30.105581728,45,F,C,28.118089704018992
20,20,3.918032914609587,2024-11-28 04:53:37.673149296,66,F,B,34.322292291770495
92,49,4.062051595964439,2024-11-28 13:39:45.240716864,56,M,B,81.47895962944649
72,42,1.6356326706774142,2024-11-28 22:25:52.808284432,35,M,B,91.85091498435177
61,35,3.440900597910565,2024-11-29 07:12:00.375852000,42,F,C,28.118089704018992
39,50,1.5414163291107421,2024-11-29 15:58:07.943419568,36,M,B,34.819081142622125
1,18,4.005500344116182,2024-11-30 00:44:15.510987136,57,F,B,15.18828239791224
3,17,3.627820625068558,2024-11-30 09:30:23.078554700,52,F,A,27.516145303438474
77,24,4.826458484333832,2024-11-30 18:16:30.646122268,50,M,A,62.24208408943264
92,3,1.2758320654256847,2024-12-01 03:02:38.213689836,56,M,C,35.956489403687115
62,32,1.2282188846050173,2024-12-01 11:48:45.781257404,44,F,C,66.10653623434962
63,35,2.1287482987728006,2024-12-01 20:34:53.348824972,63,M,C,28.118089704018992
25,38,2.046822734943624,2024-12-02 05:21:00.916392540,41,F,A,52.7991433738144
56,13,1.9879151962879993,2024-12-02 14:07:08.483960108,43,F,B,85.0284965743827
33,47,4.625018322084147,2024-12-02 22:53:16.051527676,56,F,C,81.14588148473965
38,25,1.9981847993980244,2024-12-03 07:39:23.619095244,63,M,B,22.527703121112594
6,9,2.087798904514524,2024-12-03 16:25:31.186662808,37,M,A,23.873053886063836
58,4,4.037593049671855,2024-12-04 01:11:38.754230376,45,F,C,96.50219368668337
44,14,2.79895936980216,2024-12-04 09:57:46.321797944,18,F,A,49.639721528118166
45,37,4.106842227820724,2024-12-04 18:43:53.889365512,57,F,C,13.551357960180939
32,34,1.261464630257541,2024-12-05 03:30:01.456933080,68,M,B,65.85944318421257
45,11,2.9502847746935372,2024-12-05 12:16:09.024500648,57,F,A,58.75343311690036
61,41,1.1344544007331305,2024-12-05 21:02:16.592068216,42,F,A,96.76259624489623
47,3,1.250612813821418,2024-12-06 05:48:24.159635784,36,F,C,35.956489403687115
21,28,4.625749813377643,2024-12-06 14:34:31.727203352,59,F,B,54.000804861320624
80,29,1.5569814844703807,2024-12-06 23:20:39.294770920,54,F,C,46.160092058889184
85,9,3.1296827291008684,2024-12-07 08:06:46.862338484,37,F,A,23.873053886063836
75,3,2.644382410402826,2024-12-07 16:52:54.429906052,21,F,C,35.956489403687115
36,25,2.3893733050353707,2024-12-08 01:39:01.997473620,30,F,B,22.527703121112594
99,34,4.59933338274909,2024-12-08 10:25:09.565041188,28,F,B,65.85944318421257
19,12,1.087293587101958,2024-12-08 19:11:17.132608756,38,F,B,78.5711631344383
20,42,3.6551587447023564,2024-12-09 03:57:24.700176324,66,F,B,91.85091498435177
57,9,4.853577736854202,2024-12-09 12:43:32.267743892,56,F,A,23.873053886063836
18,15,3.2406727338473678,2024-12-09 21:29:39.835311460,56,M,C,37.20999244163444
47,40,4.747289848132367,2024-12-10 06:15:47.402879028,36,F,B,30.497476249288862
49,25,1.209031517144095,2024-12-10 15:01:54.970446592,25,F,B,22.527703121112594
14,5,2.6751732762966456,2024-12-10 23:48:02.538014160,60,M,C,45.05337054121783
15,11,2.0406311638482046,2024-12-11 08:34:10.105581728,37,F,A,58.75343311690036
31,34,3.923283859922919,2024-12-11 17:20:17.673149296,38,M,B,65.85944318421257
1,24,4.925188361988987,2024-12-12 02:06:25.240716864,57,F,A,62.24208408943264
54,15,2.0261202497769912,2024-12-12 10:52:32.808284432,50,M,C,37.20999244163444
3,38,3.616698405896298,2024-12-12 19:38:40.375852000,52,F,A,52.7991433738144
16,8,1.7923905310389605,2024-12-13 04:24:47.943419568,50,M,A,58.72668466128267
87,5,3.2613210182864396,2024-12-13 13:10:55.510987136,50,M,C,45.05337054121783
57,48,2.855729946753345,2024-12-13 21:57:03.078554700,56,F,C,21.23387325701635
75,26,4.888021318526148,2024-12-14 06:43:10.646122268,21,F,C,49.963937428198264
12,18,3.4341090907858662,2024-12-14 15:29:18.213689836,66,F,B,15.18828239791224
74,6,2.398025488347275,2024-12-15 00:15:25.781257404,19,F,B,44.69607142632301
96,37,1.4563831395517335,2024-12-15 09:01:33.348824972,27,M,C,13.551357960180939
16,48,1.6049873149397382,2024-12-15 17:47:40.916392540,50,M,C,21.23387325701635
72,13,1.9012677198049404,2024-12-16 02:33:48.483960108,35,M,B,85.0284965743827
76,28,2.003866645361192,2024-12-16 11:19:56.051527676,47,M,B,54.000804861320624
24,5,4.402464231364551,2024-12-16 20:06:03.619095244,26,M,C,45.05337054121783
28,13,3.2448911531300997,2024-12-17 04:52:11.186662808,58,M,B,85.0284965743827
8,17,3.0935636454974658,2024-12-17 13:38:18.754230376,30,M,A,27.516145303438474
92,50,1.4590754874768699,2024-12-17 22:24:26.321797944,56,M,B,34.819081142622125
36,40,4.44055877339774,2024-12-18 07:10:33.889365512,30,F,B,30.497476249288862
90,45,3.891257212833935,2024-12-18 15:56:41.456933080,32,M,B,88.29722436829165
8,32,1.2706734476000063,2024-12-19 00:42:49.024500648,30,M,C,66.10653623434962
58,29,3.8313403889190747,2024-12-19 09:28:56.592068216,45,F,C,46.160092058889184
60,3,3.1741528693705843,2024-12-19 18:15:04.159635784,25,F,C,35.956489403687115
50,40,1.326901382987113,2024-12-20 03:01:11.727203352,25,F,B,30.497476249288862
28,34,2.833202566114626,2024-12-20 11:47:19.294770920,58,M,B,65.85944318421257
92,40,2.938785148520188,2024-12-20 20:33:26.862338484,56,M,B,30.497476249288862
41,27,1.663098160653103,2024-12-21 05:19:34.429906052,30,M,B,66.36108892789574
100,13,4.782792588001129,2024-12-21 14:05:41.997473620,30,F,B,85.0284965743827
64,45,4.399901485922648,2024-12-21 22:51:49.565041188,40,M,B,88.29722436829165
27,33,3.6760893493164333,2024-12-22 07:37:57.132608756,66,M,B,61.24396250640545
63,6,2.849182244002429,2024-12-22 16:24:04.700176324,63,M,B,44.69607142632301
17,24,2.647062166338034,2024-12-23 01:10:12.267743892,43,F,A,62.24208408943264
73,19,3.6038938686038167,2024-12-23 09:56:19.835311460,35,F,A,40.8203180951242
33,16,3.181727477627622,2024-12-23 18:42:27.402879028,56,F,A,33.3401407585385
84,40,1.2490924235275425,2024-12-24 03:28:34.970446592,57,F,B,30.497476249288862
77,28,3.0500105950813268,2024-12-24 12:14:42.538014160,50,M,B,54.000804861320624
92,33,4.225614468931358,2024-12-24 21:00:50.105581728,56,M,B,61.24396250640545
29,48,2.8369595103878322,2024-12-25 05:46:57.673149296,34,M,C,21.23387325701635
13,41,1.2078263102170737,2024-12-25 14:33:05.240716864,25,M,A,96.76259624489623
46,13,4.145112797536132,2024-12-25 23:19:12.808284432,61,M,B,85.0284965743827
35,43,1.8054551285438976,2024-12-26 08:05:20.375852000,56,M,A,74.99289119103153
6,45,2.034483339552155,2024-12-26 16:51:27.943419568,37,M,B,88.29722436829165
82,25,1.6588254137291836,2024-12-27 01:37:35.510987136,64,F,B,22.527703121112594
69,42,2.32086025948599,2024-12-27 10:23:43.078554700,66,M,B,91.85091498435177
47,36,4.02700602275454,2024-12-27 19:09:50.646122268,36,F,A,45.56239689378867
25,27,3.0775434380157494,2024-12-28 03:55:58.213689836,41,F,B,66.36108892789574
66,38,1.8195250966028502,2024-12-28 12:42:05.781257404,62,F,A,52.7991433738144
10,7,4.511320312608163,2024-12-28 21:28:13.348824972,66,M,C,40.63483938290551
56,5,4.518327419806116,2024-12-29 06:14:20.916392540,43,F,C,45.05337054121783
30,43,4.482313700184028,2024-12-29 15:00:28.483960108,41,M,A,74.99289119103153
5,45,1.9551848455261571,2024-12-29 23:46:36.051527676,62,F,B,88.29722436829165
33,31,2.8049573767239524,2024-12-30 08:32:43.619095244,56,F,B,89.22832859340343
65,23,4.9399586245635,2024-12-30 17:18:51.186662808,47,F,C,41.25493351274568
18,42,4.088049905239961,2024-12-31 02:04:58.754230376,56,M,B,91.85091498435177
96,10,1.1086696849022393,2024-12-31 10:51:06.321797944,27,M,B,59.834033682221005
49,32,1.2608183650419682,2024-12-31 19:37:13.889365512,25,F,C,66.10653623434962
11,43,2.855725507249331,2025-01-01 04:23:21.456933080,63,F,A,74.99289119103153
85,30,4.636880823446241,2025-01-01 13:09:29.024500648,37,F,C,99.44635500097283
26,39,3.154807191810857,2025-01-01 21:55:36.592068216,54,F,B,58.87221255618969
63,31,2.991250032137161,2025-01-02 06:41:44.159635784,63,M,B,89.22832859340343
89,18,1.4218947998265223,2025-01-02 15:27:51.727203352,68,F,B,15.18828239791224
86,36,3.627120418897176,2025-01-03 00:13:59.294770916,66,F,A,45.56239689378867
59,2,4.2884126424009015,2025-01-03 09:00:06.862338484,22,F,C,98.56118468894178
27,14,2.5216800300302493,2025-01-03 17:46:14.429906052,66,M,A,49.639721528118166
49,13,4.10244740370131,2025-01-04 02:32:21.997473620,25,F,B,85.0284965743827
77,29,4.857906615603246,2025-01-04 11:18:29.565041188,50,M,C,46.160092058889184
33,12,1.8150658365107564,2025-01-04 20:04:37.132608756,56,F,B,78.5711631344383
98,39,3.093318524778965,2025-01-05 04:50:44.700176324,68,F,B,58.87221255618969
99,2,2.148551832338302,2025-01-05 13:36:52.267743892,28,F,C,98.56118468894178
1,32,4.171417676135357,2025-01-05 22:22:59.835311460,57,F,C,66.10653623434962
21,13,3.31037346352463,2025-01-06 07:09:07.402879028,59,F,B,85.0284965743827
55,46,3.538329670201215,2025-01-06 15:55:14.970446592,62,M,A,21.758710944111662
6,27,4.191656638463576,2025-01-07 00:41:22.538014160,37,M,B,66.36108892789574
92,49,2.5838818906498195,2025-01-07 09:27:30.105581728,56,M,B,81.47895962944649
81,41,4.660360273628173,2025-01-07 18:13:37.673149296,36,M,A,96.76259624489623
69,17,3.13211546898456,2025-01-08 02:59:45.240716864,66,M,A,27.516145303438474
95,40,1.631819291341392,2025-01-08 11:45:52.808284432,58,F,B,30.497476249288862
5,31,3.78359647267521,2025-01-08 20:32:00.375852000,62,F,B,89.22832859340343
3,34,4.173045401753018,2025-01-09 05:18:07.943419568,52,F,B,65.85944318421257
53,24,2.2670467082701067,2025-01-09 14:04:15.510987136,65,M,A,62.24208408943264
23,45,4.428717027995011,2025-01-09 22:50:23.078554700,58,M,B,88.29722436829165
53,35,4.624573019063066,2025-01-10 07:36:30.646122268,65,M,C,28.118089704018992
37,48,2.1076179495112357,2025-01-10 16:22:38.213689836,28,M,C,21.23387325701635
74,6,4.934085890860889,2025-01-11 01:08:45.781257404,19,F,B,44.69607142632301
74,19,1.5628461121950337,2025-01-11 09:54:53.348824972,19,F,A,40.8203180951242
83,30,1.8080626736099599,2025-01-11 18:41:00.916392540,45,M,C,99.44635500097283
17,7,1.7368993569521045,2025-01-12 03:27:08.483960108,43,F,C,40.63483938290551
85,10,4.575958840031482,2025-01-12 12:13:16.051527676,37,F,B,59.834033682221005
78,41,3.6171702092998474,2025-01-12 20:59:23.619095244,53,F,A,96.76259624489623
73,32,1.6084171328890915,2025-01-13 05:45:31.186662808,35,F,C,66.10653623434962
1,34,2.761293673473396,2025-01-13 14:31:38.754230376,57,F,B,65.85944318421257
51,28,3.461192100279208,2025-01-13 23:17:46.321797944,62,M,B,54.000804861320624
45,15,1.3338563399575332,2025-01-14 08:03:53.889365512,57,F,C,37.20999244163444
77,30,4.529665473629355,2025-01-14 16:50:01.456933080,50,M,C,99.44635500097283
4,37,4.214414141766141,2025-01-15 01:36:09.024500648,65,M,C,13.551357960180939
62,29,3.020827094306553,2025-01-15 10:22:16.592068216,44,F,C,46.160092058889184
65,22,4.868506461036682,2025-01-15 19:08:24.159635784,47,F,C,60.19379436250395
32,4,2.671043917100399,2025-01-16 03:54:31.727203352,68,M,C,96.50219368668337
34,20,4.936441276145992,2025-01-16 12:40:39.294770916,58,M,B,34.322292291770495
92,32,3.6716799952145083,2025-01-16 21:26:46.862338484,56,M,C,66.10653623434962
95,36,3.538685093015766,2025-01-17 06:12:54.429906052,58,F,A,45.56239689378867
72,50,1.66381958118314,2025-01-17 14:59:01.997473620,35,M,B,34.819081142622125
39,4,4.527711033218576,2025-01-17 23:45:09.565041188,36,M,C,96.50219368668337
26,27,2.7099587516824606,2025-01-18 08:31:17.132608756,54,F,B,66.36108892789574
34,17,1.6489336231299174,2025-01-18 17:17:24.700176324,58,M,A,27.516145303438474
54,12,1.0504300799030362,2025-01-19 02:03:32.267743892,50,M,B,78.5711631344383
3,22,3.2390227345535303,2025-01-19 10:49:39.835311460,52,F,C,60.19379436250395
50,17,3.1095984884907053,2025-01-19 19:35:47.402879028,25,F,A,27.516145303438474
12,10,3.8774144894766343,2025-01-20 04:21:54.970446592,66,F,B,59.834033682221005
65,1,4.561032212071209,2025-01-20 13:08:02.538014160,47,F,C,84.40366237673388
54,22,1.317626338572118,2025-01-20 21:54:10.105581728,50,M,C,60.19379436250395
5,26,3.9259859613614494,2025-01-21 06:40:17.673149296,62,F,C,49.963937428198264
94,18,1.7496477763903289,2025-01-21 15:26:25.240716864,46,M,B,15.18828239791224
94,50,4.432708212628656,2025-01-22 00:12:32.808284432,46,M,B,34.819081142622125
57,14,4.276254055446625,2025-01-22 08:58:40.375852000,56,F,A,49.639721528118166
17,47,3.1631750199421775,2025-01-22 17:44:47.943419568,43,F,C,81.14588148473965
47,29,3.840971194493246,2025-01-23 02:30:55.510987136,36,F,C,46.160092058889184
23,12,2.2574004527349936,2025-01-23 11:17:03.078554700,58,M,B,78.5711631344383
79,36,2.8846715957312585,2025-01-23 20:03:10.646122268,35,F,A,45.56239689378867
85,35,4.286547590841886,2025-01-24 04:49:18.213689836,37,F,C,28.118089704018992
14,12,2.8370607886928556,2025-01-24 13:35:25.781257404,60,M,B,78.5711631344383
66,7,2.431193061301767,2025-01-24 22:21:33.348824972,62,F,C,40.63483938290551
75,29,2.9768497890011996,2025-01-25 07:07:40.916392540,21,F,C,46.160092058889184
51,11,4.312997009748873,2025-01-25 15:53:48.483960108,62,M,A,58.75343311690036
38,33,2.340832189483491,2025-01-26 00:39:56.051527676,63,M,B,61.24396250640545
64,6,1.6950463725429752,2025-01-26 09:26:03.619095244,40,M,B,44.69607142632301
98,47,3.848056081323123,2025-01-26 18:12:11.186662808,68,F,C,81.14588148473965
38,15,4.303912850832328,2025-01-27 02:58:18.754230376,63,M,C,37.20999244163444
50,32,1.4025499140941333,2025-01-27 11:44:26.321797944,25,F,C,66.10653623434962
98,11,1.959496451023779,2025-01-27 20:30:33.889365512,68,F,A,58.75343311690036
82,23,1.5678879590439756,2025-01-28 05:16:41.456933080,64,F,C,41.25493351274568
30,26,2.3917656463286665,2025-01-28 14:02:49.024500648,41,M,C,49.963937428198264
79,34,2.8014039156216506,2025-01-28 22:48:56.592068216,35,F,B,65.85944318421257
91,46,3.995305347853226,2025-01-29 07:35:04.159635784,58,F,A,21.758710944111662
51,34,3.6045903395266965,2025-01-29 16:21:11.727203352,62,M,B,65.85944318421257
63,29,3.4837142699137247,2025-01-30 01:07:19.294770916,63,M,C,46.160092058889184
98,4,2.4094997864386176,2025-01-30 09:53:26.862338484,68,F,C,96.50219368668337
52,17,4.365790212339039,2025-01-30 18:39:34.429906052,29,M,A,27.516145303438474
38,35,2.8851486695926583,2025-01-31 03:25:41.997473620,63,M,C,28.118089704018992
97,13,4.916419752060618,2025-01-31 12:11:49.565041188,19,M,B,85.0284965743827
88,41,3.5365685531829474,2025-01-31 20:57:57.132608756,29,M,A,96.76259624489623
79,39,1.505058966258011,2025-02-01 05:44:04.700176324,35,F,B,58.87221255618969
30,15,3.704710248301736,2025-02-01 14:30:12.267743892,41,M,C,37.20999244163444
51,29,2.300416061726796,2025-02-01 23:16:19.835311460,62,M,C,46.160092058889184
81,29,3.7453087867443897,2025-02-02 08:02:27.402879028,36,M,C,46.160092058889184
5,11,1.278564592649623,2025-02-02 16:48:34.970446592,62,F,A,58.75343311690036
29,32,1.6995257487038375,2025-02-03 01:34:42.538014160,34,M,C,66.10653623434962
4,2,4.422949035623145,2025-02-03 10:20:50.105581728,65,M,C,98.56118468894178
10,47,1.9087182280940596,2025-02-03 19:06:57.673149296,66,M,C,81.14588148473965
56,14,4.348164500971761,2025-02-04 03:53:05.240716864,43,F,A,49.639721528118166
17,20,2.1171043538176417,2025-02-04 12:39:12.808284432,43,F,B,34.322292291770495
74,22,3.5715276402348306,2025-02-04 21:25:20.375852000,19,F,C,60.19379436250395
17,11,3.776602294039324,2025-02-05 06:11:27.943419568,43,F,A,58.75343311690036
84,27,3.0506190125802117,2025-02-05 14:57:35.510987136,57,F,B,66.36108892789574
88,3,2.221242706786925,2025-02-05 23:43:43.078554700,29,M,C,35.956489403687115
69,17,1.8505775054843845,2025-02-06 08:29:50.646122268,66,M,A,27.516145303438474
34,44,1.1327574182497049,2025-02-06 17:15:58.213689836,58,M,A,58.004796588882634
6,28,2.2157856049628952,2025-02-07 02:02:05.781257404,37,M,B,54.000804861320624
53,29,3.612651162125132,2025-02-07 10:48:13.348824972,65,M,C,46.160092058889184
66,21,4.753219273793931,2025-02-07 19:34:20.916392540,62,F,C,96.97756472797666
77,47,4.484817929052208,2025-02-08 04:20:28.483960108,50,M,C,81.14588148473965
43,16,4.06425910614121,2025-02-08 13:06:36.051527676,62,M,A,33.3401407585385
75,37,4.153789373013195,2025-02-08 21:52:43.619095244,21,F,C,13.551357960180939
23,20,3.659939613903981,2025-02-09 06:38:51.186662808,58,M,B,34.322292291770495
55,6,2.041147430264012,2025-02-09 15:24:58.754230376,62,M,B,44.69607142632301
80,19,4.628780122823319,2025-02-10 00:11:06.321797944,54,F,A,40.8203180951242
95,5,3.682929247623336,2025-02-10 08:57:13.889365512,58,F,C,45.05337054121783
75,3,3.24176252392176,2025-02-10 17:43:21.456933080,21,F,C,35.956489403687115
16,1,1.4439578768539243,2025-02-11 02:29:29.024500648,50,M,C,84.40366237673388
8,38,2.7882221752257017,2025-02-11 11:15:36.592068216,30,M,A,52.7991433738144
4,15,2.841433084807705,2025-02-11 20:01:44.159635784,65,M,C,37.20999244163444
4,34,4.45825443809068,2025-02-12 04:47:51.727203352,65,M,B,65.85944318421257
56,35,3.186592880751154,2025-02-12 13:33:59.294770916,43,F,C,28.118089704018992
25,49,2.5216021958816386,2025-02-12 22:20:06.862338484,41,F,B,81.47895962944649
67,25,4.907201314042638,2025-02-13 07:06:14.429906052,64,M,B,22.527703121112594
96,24,1.4428823733052627,2025-02-13 15:52:21.997473620,27,M,A,62.24208408943264
67,12,2.6901937132477785,2025-02-14 00:38:29.565041188,64,M,B,78.5711631344383
27,18,1.1680987006856212,2025-02-14 09:24:37.132608756,66,M,B,15.18828239791224
93,15,3.9596164830677214,2025-02-14 18:10:44.700176324,19,M,C,37.20999244163444
32,44,4.672306208796602,2025-02-15 02:56:52.267743892,68,M,A,58.004796588882634
50,16,2.1201493182019577,2025-02-15 11:42:59.835311460,25,F,A,33.3401407585385
61,27,4.433366707196484,2025-02-15 20:29:07.402879024,42,F,B,66.36108892789574
51,8,2.168872921847591,2025-02-16 05:15:14.970446592,62,M,A,58.72668466128267
19,46,4.643080646575661,2025-02-16 14:01:22.538014160,38,F,A,21.758710944111662
21,25,4.015847614387136,2025-02-16 22:47:30.105581728,59,F,B,22.527703121112594
5,17,4.2196271073657545,2025-02-17 07:33:37.673149296,62,F,A,27.516145303438474
82,29,1.072026222401818,2025-02-17 16:19:45.240716864,64,F,C,46.160092058889184
92,8,4.851241428296104,2025-02-18 01:05:52.808284432,56,M,A,58.72668466128267
42,15,3.906683968281293,2025-02-18 09:52:00.375852000,63,F,C,37.20999244163444
61,27,2.2190043815445333,2025-02-18 18:38:07.943419568,42,F,B,66.36108892789574
22,46,4.317578659435387,2025-02-19 03:24:15.510987136,60,F,A,21.758710944111662
21,50,2.12608479365972,2025-02-19 12:10:23.078554700,59,F,B,34.819081142622125
70,7,4.491015358264512,2025-02-19 20:56:30.646122268,64,M,C,40.63483938290551
1,3,1.450321561647748,2025-02-20 05:42:38.213689836,57,F,C,35.956489403687115
5,29,3.814743909843183,2025-02-20 14:28:45.781257404,62,F,C,46.160092058889184
12,44,3.1627939065796413,2025-02-20 23:14:53.348824972,66,F,A,58.004796588882634
90,24,1.3861378807817633,2025-02-21 08:01:00.916392540,32,M,A,62.24208408943264
46,3,1.967575313035356,2025-02-21 16:47:08.483960108,61,M,C,35.956489403687115
34,20,1.0496161451092592,2025-02-22 01:33:16.051527676,58,M,B,34.322292291770495
49,46,2.8750718618580233,2025-02-22 10:19:23.619095244,25,F,A,21.758710944111662
78,15,2.2050610430400015,2025-02-22 19:05:31.186662808,53,F,C,37.20999244163444
90,25,3.3934299371910353,2025-02-23 03:51:38.754230376,32,M,B,22.527703121112594
45,30,2.1889512308344687,2025-02-23 12:37:46.321797944,57,F,C,99.44635500097283
27,14,2.1996764460279388,2025-02-23 21:23:53.889365512,66,M,A,49.639721528118166
73,7,3.9727727949264136,2025-02-24 06:10:01.456933080,35,F,C,40.63483938290551
26,17,1.1925713439134138,2025-02-24 14:56:09.024500648,54,F,A,27.516145303438474
47,44,4.611579980767949,2025-02-24 23:42:16.592068216,36,F,A,58.004796588882634
86,20,4.409055497564726,2025-02-25 08:28:24.159635784,66,F,B,34.322292291770495
56,36,3.671218732905626,2025-02-25 17:14:31.727203352,43,F,A,45.56239689378867
94,9,3.372886280429537,2025-02-26 02:00:39.294770916,46,M,A,23.873053886063836
63,38,4.5692099925586085,2025-02-26 10:46:46.862338484,63,M,A,52.7991433738144
48,48,1.7413207181148578,2025-02-26 19:32:54.429906052,29,M,C,21.23387325701635
61,22,1.3158766487633144,2025-02-27 04:19:01.997473620,42,F,C,60.19379436250395
81,2,1.9580406796381524,2025-02-27 13:05:09.565041188,36,M,C,98.56118468894178
26,24,4.178313114800761,2025-02-27 21:51:17.132608756,54,F,A,62.24208408943264
36,8,1.1386810669059333,2025-02-28 06:37:24.700176324,30,F,A,58.72668466128267
1,11,3.3312273403339585,2025-02-28 15:23:32.267743892,57,F,A,58.75343311690036
8,13,4.98175006476524,2025-03-01 00:09:39.835311460,30,M,B,85.0284965743827
99,17,4.422784375350158,2025-03-01 08:55:47.402879024,28,F,A,27.516145303438474
52,8,3.085782756174358,2025-03-01 17:41:54.970446592,29,M,A,58.72668466128267
79,21,1.2545636371465694,2025-03-02 02:28:02.538014160,35,F,C,96.97756472797666
47,18,4.325494057542839,2025-03-02 11:14:10.105581728,36,F,B,15.18828239791224
56,30,3.395914032708842,2025-03-02 20:00:17.673149296,43,F,C,99.44635500097283
86,18,1.4597319882382673,2025-03-03 04:46:25.240716864,66,F,B,15.18828239791224
14,46,1.3754291392934248,2025-03-03 13:32:32.808284432,60,M,A,21.758710944111662
90,47,4.63850727774637,2025-03-03 22:18:40.375852000,32,M,C,81.14588148473965
28,31,3.6768010517523138,2025-03-04 07:04:47.943419568,58,M,B,89.22832859340343
87,38,4.317147197267023,2025-03-04 15:50:55.510987136,50,M,A,52.7991433738144
78,32,4.51591560112907,2025-03-05 00:37:03.078554700,53,F,C,66.10653623434962
88,11,3.287089408193289,2025-03-05 09:23:10.646122268,29,M,A,58.75343311690036
2,45,3.069785407020165,2025-03-05 18:09:18.213689836,31,F,B,88.29722436829165
26,25,2.7217096412839608,2025-03-06 02:55:25.781257404,54,F,B,22.527703121112594
14,33,2.267786351164477,2025-03-06 11:41:33.348824972,60,M,B,61.24396250640545
59,38,2.738383843434847,2025-03-06 20:27:40.916392540,22,F,A,52.7991433738144
56,41,4.0955186229206255,2025-03-07 05:13:48.483960108,43,F,A,96.76259624489623
7,8,3.4076937240605263,2025-03-07 13:59:56.051527676,66,M,A,58.72668466128267
3,11,4.570093159819384,2025-03-07 22:46:03.619095244,52,F,A,58.75343311690036
23,22,2.773520057516751,2025-03-08 07:32:11.186662808,58,M,C,60.19379436250395
18,24,3.428358314875016,2025-03-08 16:18:18.754230376,56,M,A,62.24208408943264
38,41,3.525230212367955,2025-03-09 01:04:26.321797944,63,M,A,96.76259624489623
99,17,3.366788649225302,2025-03-09 09:50:33.889365512,28,F,A,27.516145303438474
15,12,3.8105350923420653,2025-03-09 18:36:41.456933080,37,F,B,78.5711631344383
64,46,1.9497338734992251,2025-03-10 03:22:49.024500648,40,M,A,21.758710944111662
89,32,3.0494551101831626,2025-03-10 12:08:56.592068216,68,F,C,66.10653623434962
28,15,1.4168992112333907,2025-03-10 20:55:04.159635784,58,M,C,37.20999244163444
74,16,2.53804531057925,2025-03-11 05:41:11.727203352,19,F,A,33.3401407585385
39,22,2.9506682744850576,2025-03-11 14:27:19.294770916,36,M,C,60.19379436250395
57,28,3.60889703818189,2025-03-11 23:13:26.862338484,56,F,B,54.000804861320624
17,20,4.8021242103448145,2025-03-12 07:59:34.429906052,43,F,B,34.322292291770495
86,33,3.4026042661934235,2025-03-12 16:45:41.997473620,66,F,B,61.24396250640545
90,10,3.974375664706239,2025-03-13 01:31:49.565041188,32,M,B,59.834033682221005
44,40,3.025064237980811,2025-03-13 10:17:57.132608756,18,F,B,30.497476249288862
25,32,3.5364161255053252,2025-03-13 19:04:04.700176324,41,F,C,66.10653623434962
17,50,1.2837288645350937,2025-03-14 03:50:12.267743892,43,F,B,34.819081142622125
13,33,2.017566323367388,2025-03-14 12:36:19.835311460,25,M,B,61.24396250640545
84,2,2.447412372820555,2025-03-14 21:22:27.402879024,57,F,C,98.56118468894178
25,33,2.8899734200260543,2025-03-15 06:08:34.970446592,41,F,B,61.24396250640545
68,33,1.182594982009535,2025-03-15 14:54:42.538014160,40,M,B,61.24396250640545
10,41,1.5600963902132707,2025-03-15 23:40:50.105581728,66,M,A,96.76259624489623
67,13,2.107257231165223,2025-03-16 08:26:57.673149296,64,M,B,85.0284965743827
18,30,4.886130763604203,2025-03-16 17:13:05.240716864,56,M,C,99.44635500097283
100,33,2.325388028412203,2025-03-17 01:59:12.808284432,30,F,B,61.24396250640545
86,13,2.92816423244833,2025-03-17 10:45:20.375852000,66,F,B,85.0284965743827
